CREATE DATABASE  IF NOT EXISTS `platform` /*!40100 DEFAULT CHARACTER SET utf8 */;
USE `platform`;
-- MySQL dump 10.13  Distrib 5.5.54, for debian-linux-gnu (x86_64)
--
-- Host: 192.168.199.109    Database: platform
-- ------------------------------------------------------
-- Server version	5.5.54-0ubuntu0.14.04.1-log

/*!40101 SET @OLD_CHARACTER_SET_CLIENT=@@CHARACTER_SET_CLIENT */;
/*!40101 SET @OLD_CHARACTER_SET_RESULTS=@@CHARACTER_SET_RESULTS */;
/*!40101 SET @OLD_COLLATION_CONNECTION=@@COLLATION_CONNECTION */;
/*!40101 SET NAMES utf8 */;
/*!40103 SET @OLD_TIME_ZONE=@@TIME_ZONE */;
/*!40103 SET TIME_ZONE='+00:00' */;
/*!40014 SET @OLD_UNIQUE_CHECKS=@@UNIQUE_CHECKS, UNIQUE_CHECKS=0 */;
/*!40014 SET @OLD_FOREIGN_KEY_CHECKS=@@FOREIGN_KEY_CHECKS, FOREIGN_KEY_CHECKS=0 */;
/*!40101 SET @OLD_SQL_MODE=@@SQL_MODE, SQL_MODE='NO_AUTO_VALUE_ON_ZERO' */;
/*!40111 SET @OLD_SQL_NOTES=@@SQL_NOTES, SQL_NOTES=0 */;

--
-- Table structure for table `account`
--

DROP TABLE IF EXISTS `account`;
/*!40101 SET @saved_cs_client     = @@character_set_client */;
/*!40101 SET character_set_client = utf8 */;
CREATE TABLE `account` (
  `acctid` int(11) NOT NULL AUTO_INCREMENT,
  `acctname` varchar(40) NOT NULL,
  `accttype` int(11) NOT NULL,
  `acctamt` decimal(10,0) NOT NULL,
  `createtime` datetime NOT NULL,
  `modtime` datetime NOT NULL,
  `maid` int(11) DEFAULT NULL,
  PRIMARY KEY (`acctid`)
) ENGINE=InnoDB DEFAULT CHARSET=utf8;
/*!40101 SET character_set_client = @saved_cs_client */;

--
-- Dumping data for table `account`
--

LOCK TABLES `account` WRITE;
/*!40000 ALTER TABLE `account` DISABLE KEYS */;
/*!40000 ALTER TABLE `account` ENABLE KEYS */;
UNLOCK TABLES;

--
-- Table structure for table `cfile`
--

DROP TABLE IF EXISTS `cfile`;
/*!40101 SET @saved_cs_client     = @@character_set_client */;
/*!40101 SET character_set_client = utf8 */;
CREATE TABLE `cfile` (
  `cfid` int(11) NOT NULL AUTO_INCREMENT,
  `cid` int(11) NOT NULL,
  `fid` int(11) NOT NULL,
  PRIMARY KEY (`cfid`),
  UNIQUE KEY `cfid` (`cfid`)
) ENGINE=InnoDB DEFAULT CHARSET=utf8;
/*!40101 SET character_set_client = @saved_cs_client */;

--
-- Dumping data for table `cfile`
--

LOCK TABLES `cfile` WRITE;
/*!40000 ALTER TABLE `cfile` DISABLE KEYS */;
/*!40000 ALTER TABLE `cfile` ENABLE KEYS */;
UNLOCK TABLES;

--
-- Table structure for table `company`
--

DROP TABLE IF EXISTS `company`;
/*!40101 SET @saved_cs_client     = @@character_set_client */;
/*!40101 SET character_set_client = utf8 */;
CREATE TABLE `company` (
  `comid` int(11) NOT NULL AUTO_INCREMENT,
  `pid` int(11) DEFAULT NULL,
  `comaddr` varchar(200) NOT NULL,
  `comemail` varchar(50) NOT NULL,
  `comname` varchar(60) NOT NULL,
  `comcontact` varchar(30) NOT NULL,
  `comcontactName` varchar(60) NOT NULL,
  `createtime` datetime NOT NULL,
  `typeId` int(11) NOT NULL,
  `modtime` datetime NOT NULL,
  `statusId` int(11) NOT NULL,
  `comtype` int(11) NOT NULL DEFAULT '1',
  PRIMARY KEY (`comid`),
  UNIQUE KEY `comid` (`comid`)
) ENGINE=InnoDB AUTO_INCREMENT=51 DEFAULT CHARSET=utf8;
/*!40101 SET character_set_client = @saved_cs_client */;

--
-- Dumping data for table `company`
--

LOCK TABLES `company` WRITE;
/*!40000 ALTER TABLE `company` DISABLE KEYS */;
INSERT INTO `company` VALUES (6,56,'江苏省江阴市新桥镇陶新路18号','1234@aer.com','江苏阳光集团','18945696363','何敏','2017-12-01 10:02:10',1,'2017-12-01 14:54:17',0,1),(7,67,'学前街5号银辉城市花园东侧裙楼5楼八佰伴斜','78954@awrew.com','北京恒昌汇财投资管理有限公司','18969697474','周财','2017-12-01 10:02:49',1,'2017-12-01 14:40:55',0,1),(8,34,'深圳市南山区科技园南区R2-B三楼步步高','sf@sf.com','步步高升','18796897485','王小二','2017-12-01 10:03:25',1,'2017-12-01 17:30:08',0,1),(28,122245435,'北京市昌平区北清路中关村生命科学园北清创意园4-1-307','1873773392@qq.com','北京先闻道企业管理顾问有限公司','18861812353','周爱斌','2017-12-01 14:25:54',0,'2017-12-01 14:48:21',0,1),(29,35453244,'观山湖区石标路金华园12号','3767423646@qq.com','贵州聚合实业股份有限公司','18861812355','胡顺宇','2017-12-01 14:28:37',0,'2017-12-01 17:29:21',0,1),(30,12415,'江苏省无锡市梁溪区后西溪19号(近鸿运饭店)','12@as.com','中国人民财产保险股份有限公司无锡市分公司','18840761579','徐三','2017-12-01 14:30:27',1,'2017-12-01 14:45:44',0,1),(31,46711223,'广州市海珠区滨江东路911号丽景湾三楼','36768@qq.com','广州东送能源集团有限责任公司','18850921477','何用珂','2017-12-01 14:31:13',0,'2017-12-01 14:55:35',0,1),(32,12323,'无锡江阴澄江街道西杏二村东摩尔大厦','lifuchun@163.com','无锡车马物流有限公司','18565453324','李富春','2017-12-01 14:31:48',0,'2017-12-01 14:58:47',0,1),(33,4574,'无锡宜兴市万达广场写字楼30楼3009','156488@qq.com','中信国安城市运营科技（北京）有限公司','18861823800','李临安','2017-12-01 14:34:03',1,'2017-12-01 14:44:48',0,1),(34,2132433,'无锡北塘凤宾路民丰路277至279号','zhangls@163.com','上海冉宝网络科技有限公司','13771130875','张伦硕','2017-12-01 14:35:03',0,'2017-12-01 14:35:03',0,1),(35,2346,'美国宾夕法尼亚州雷丁','taylorSwift@gmail.com','大机器唱片','18827812782','Taylor','2017-12-01 14:35:36',1,'2017-12-01 14:55:18',0,1),(36,543543656,'重庆市南岸区南坪街道南坪北路8号帝景摩尔大厦4A楼','662782822@qq.com','重庆盛明商业管理有限公司','18867797289','施乐乐','2017-12-01 14:36:34',0,'2017-12-01 14:36:34',0,1),(37,34234543,'无锡北塘北大街街道北塘区北创科技园','jinfk@163.com','衡阳市智华卓越文化传播有限公司','18854648825','金飞可','2017-12-01 14:38:40',0,'2017-12-01 14:38:40',0,1),(38,43543454,'上海市南京西路288号创兴金融中心20楼','152662378@qq.com','上海东浩人力资源有限公司','15831812789','陈栋','2017-12-01 14:39:38',0,'2017-12-01 14:39:38',0,1),(39,343435,'北京崇文崇文门北京市东城区崇文门外大街大康大厦518','douming@163.com','北京环球风情国际文化交流中心','18856468462','窦明','2017-12-01 14:41:39',0,'2017-12-01 14:41:39',0,1),(40,324324543,'深圳市龙华新区清湖科技园B栋268','16236379@qq.com','深圳市易佰网络科技有限公司','15363738789','庄俊超','2017-12-01 14:43:10',0,'2017-12-01 14:43:10',0,1),(41,24234345,'北京丰台马家堡东路121号院3号楼','zhuhong@126.com','北京幸福家房地产经纪有限公司 ','15685437268','朱虹','2017-12-01 14:44:24',0,'2017-12-01 14:44:24',0,1),(42,23426,'无锡滨湖区隐秀路800号城开国际写字楼23楼 ','wangss@qq.com','红上财富（上海）投资管理有限公司','18861823820','张福','2017-12-01 14:44:45',1,'2017-12-01 14:44:45',0,1),(43,65434242,'瑞达路与翠竹街交叉口总部企业基地33号楼','177383800@qq.com','河南象聚实业集团有限公司','17898412789','李钊','2017-12-01 14:45:21',0,'2017-12-01 14:54:56',0,1),(44,243455456,'北京丰台木樨园北京丰台区南三环中路','shanlinhua@126.com','北京中教育明教育科技中心','15684769945','单林华','2017-12-01 14:46:02',0,'2017-12-01 14:46:02',0,1),(45,243243254,'朝阳区朝阳门外大街甲6号万通中心C座22层','189232882@qq.com','九鼎建筑集团有限公司','18864477377','万新国','2017-12-01 14:48:43',1,'2017-12-01 14:49:12',0,1),(46,5678,'江苏省无锡市滨湖区中南西路88号商旅大厦6楼612','12246546@gmail.com','中国平安综合金融服务公司','18845683865','刘芳','2017-12-01 14:50:10',1,'2017-12-01 14:55:42',0,1),(47,4565476,'深圳市罗湖区水贝二路180号粤海珠宝广场3-4楼','223623828@qq.com','深圳赛菲尔珠宝首饰有限公司','18863312789','王卓','2017-12-01 14:51:01',1,'2017-12-01 14:55:57',0,1),(48,3545345,'北京朝阳常营长楹龙湖天街西区星座一栋11层','huangfang@126.com','北京琨泓科技有限公司','18956442647','黄方','2017-12-01 14:51:09',1,'2017-12-01 14:56:15',0,1),(49,454534656,'郑州市管城区紫荆山路与商城路交叉口金成国贸大厦2507室','65783832@qq.com','河南省越人医药有限公司','15434812789','管红梅','2017-12-01 14:52:44',1,'2017-12-01 14:52:44',0,1),(50,457,'无锡市阳山镇陆区胜利路26号','wagdga@163.com','中国人寿保险股份有限公司','18863823820','赵嘎','2017-12-01 14:53:37',1,'2017-12-01 14:56:23',0,1);
/*!40000 ALTER TABLE `company` ENABLE KEYS */;
UNLOCK TABLES;

--
-- Table structure for table `contract`
--

DROP TABLE IF EXISTS `contract`;
/*!40101 SET @saved_cs_client     = @@character_set_client */;
/*!40101 SET character_set_client = utf8 */;
CREATE TABLE `contract` (
  `cid` int(11) NOT NULL AUTO_INCREMENT,
  `camt` double NOT NULL,
  `cstarttime` datetime NOT NULL,
  `cendtime` datetime NOT NULL,
  `cname` varchar(50) NOT NULL,
  `appreason` varchar(15) NOT NULL,
  `auditstatid` int(11) NOT NULL,
  `suppid` int(11) NOT NULL,
  `signdate` datetime NOT NULL,
  `cstat` int(11) NOT NULL,
  `pid` int(11) NOT NULL,
  `appusrid` int(11) NOT NULL,
  `modtime` datetime NOT NULL,
  PRIMARY KEY (`cid`),
  UNIQUE KEY `cid` (`cid`)
) ENGINE=InnoDB DEFAULT CHARSET=utf8;
/*!40101 SET character_set_client = @saved_cs_client */;

--
-- Dumping data for table `contract`
--

LOCK TABLES `contract` WRITE;
/*!40000 ALTER TABLE `contract` DISABLE KEYS */;
/*!40000 ALTER TABLE `contract` ENABLE KEYS */;
UNLOCK TABLES;

--
-- Table structure for table `exinterface`
--

DROP TABLE IF EXISTS `exinterface`;
/*!40101 SET @saved_cs_client     = @@character_set_client */;
/*!40101 SET character_set_client = utf8 */;
CREATE TABLE `exinterface` (
  `exinfid` int(11) NOT NULL AUTO_INCREMENT COMMENT '外部接口编号',
  `exinfname` varchar(40) NOT NULL,
  `exinftype` int(11) NOT NULL,
  `payprice` decimal(10,0) NOT NULL,
  `discount` decimal(10,0) NOT NULL,
  `exinterfacecol` datetime NOT NULL,
  `modtime` datetime NOT NULL,
  PRIMARY KEY (`exinfid`)
) ENGINE=InnoDB DEFAULT CHARSET=utf8;
/*!40101 SET character_set_client = @saved_cs_client */;

--
-- Dumping data for table `exinterface`
--

LOCK TABLES `exinterface` WRITE;
/*!40000 ALTER TABLE `exinterface` DISABLE KEYS */;
/*!40000 ALTER TABLE `exinterface` ENABLE KEYS */;
UNLOCK TABLES;

--
-- Table structure for table `file`
--

DROP TABLE IF EXISTS `file`;
/*!40101 SET @saved_cs_client     = @@character_set_client */;
/*!40101 SET character_set_client = utf8 */;
CREATE TABLE `file` (
  `fid` int(11) NOT NULL AUTO_INCREMENT,
  `uid` int(11) NOT NULL,
  `pid` int(11) DEFAULT NULL,
  `cid` int(11) DEFAULT NULL,
  `createtime` datetime NOT NULL,
  `flocal` varchar(255) NOT NULL,
  `fname` varchar(255) NOT NULL,
  `fsummary` text NOT NULL,
  `modtime` datetime NOT NULL,
  PRIMARY KEY (`fid`),
  UNIQUE KEY `fid` (`fid`)
) ENGINE=InnoDB DEFAULT CHARSET=utf8;
/*!40101 SET character_set_client = @saved_cs_client */;

--
-- Dumping data for table `file`
--

LOCK TABLES `file` WRITE;
/*!40000 ALTER TABLE `file` DISABLE KEYS */;
/*!40000 ALTER TABLE `file` ENABLE KEYS */;
UNLOCK TABLES;

--
-- Table structure for table `interface`
--

DROP TABLE IF EXISTS `interface`;
/*!40101 SET @saved_cs_client     = @@character_set_client */;
/*!40101 SET character_set_client = utf8 */;
CREATE TABLE `interface` (
  `idfid` int(11) NOT NULL AUTO_INCREMENT,
  `infname` varchar(40) NOT NULL,
  `inftype` int(11) NOT NULL,
  `exinf` tinyint(1) NOT NULL,
  `basprice` decimal(10,0) NOT NULL,
  `dicount` decimal(10,2) NOT NULL,
  `createtime` datetime NOT NULL,
  `modtime` datetime NOT NULL,
  PRIMARY KEY (`idfid`)
) ENGINE=InnoDB AUTO_INCREMENT=3 DEFAULT CHARSET=utf8;
/*!40101 SET character_set_client = @saved_cs_client */;

--
-- Dumping data for table `interface`
--

LOCK TABLES `interface` WRITE;
/*!40000 ALTER TABLE `interface` DISABLE KEYS */;
INSERT INTO `interface` VALUES (1,'双十一消费分析',1,0,1000,0.50,'2017-02-20 11:29:45','2017-02-20 11:29:45'),(2,'双十二消费分析',3,1,500,0.80,'2017-02-20 11:29:45','2017-02-20 11:29:45');
/*!40000 ALTER TABLE `interface` ENABLE KEYS */;
UNLOCK TABLES;

--
-- Table structure for table `intfaceexinf`
--

DROP TABLE IF EXISTS `intfaceexinf`;
/*!40101 SET @saved_cs_client     = @@character_set_client */;
/*!40101 SET character_set_client = utf8 */;
CREATE TABLE `intfaceexinf` (
  `id` int(11) NOT NULL AUTO_INCREMENT,
  `infid` int(11) NOT NULL COMMENT '接口编号',
  `exinfid` int(11) NOT NULL COMMENT '外部接口编号',
  PRIMARY KEY (`id`)
) ENGINE=InnoDB DEFAULT CHARSET=utf8;
/*!40101 SET character_set_client = @saved_cs_client */;

--
-- Dumping data for table `intfaceexinf`
--

LOCK TABLES `intfaceexinf` WRITE;
/*!40000 ALTER TABLE `intfaceexinf` DISABLE KEYS */;
/*!40000 ALTER TABLE `intfaceexinf` ENABLE KEYS */;
UNLOCK TABLES;

--
-- Table structure for table `item`
--

DROP TABLE IF EXISTS `item`;
/*!40101 SET @saved_cs_client     = @@character_set_client */;
/*!40101 SET character_set_client = utf8 */;
CREATE TABLE `item` (
  `iid` int(11) NOT NULL AUTO_INCREMENT,
  `pid` int(11) NOT NULL,
  `pTypeid` int(11) NOT NULL,
  `pStatus` int(11) NOT NULL,
  `comid` int(11) NOT NULL,
  `uname` varchar(100) NOT NULL,
  `time` datetime DEFAULT NULL,
  `remark` varchar(500) NOT NULL,
  PRIMARY KEY (`iid`),
  UNIQUE KEY `iid` (`iid`)
) ENGINE=InnoDB AUTO_INCREMENT=283 DEFAULT CHARSET=utf8;
/*!40101 SET character_set_client = @saved_cs_client */;

--
-- Dumping data for table `item`
--

LOCK TABLES `item` WRITE;
/*!40000 ALTER TABLE `item` DISABLE KEYS */;
INSERT INTO `item` VALUES (148,56,0,2,6,'分通过与','2017-12-01 00:00:00',''),(149,56,1,0,6,'而投入','2017-12-01 00:00:00',''),(150,56,2,0,6,'我同位','2017-12-01 00:00:00',''),(151,67,0,0,7,'吴恒昌','2017-12-01 00:00:00',''),(152,67,1,0,7,'郑若干','2017-12-01 00:00:00',''),(153,67,2,0,7,'王也','2017-12-01 00:00:00',''),(154,34,0,0,8,'王二狗','2017-12-01 00:00:00',''),(155,34,1,0,8,'王三','2017-12-01 00:00:00',''),(156,34,2,0,8,'徐三','2017-12-01 00:00:00',''),(214,122245435,0,0,28,'朱金坤','2017-12-01 00:00:00','撰写培训报告，反馈、评估培训效果'),(215,122245435,1,0,28,'石达开','2017-12-01 00:00:00','撰写培训报告，反馈、评估培训效果'),(216,122245435,2,0,28,'单大华','2017-12-01 00:00:00','撰写培训报告，反馈、评估培训效果'),(217,35453244,0,1,29,'冠华居','2017-12-01 00:00:00','快速消费品（食品/饮料/烟酒/日化）,贸易/进出口'),(218,35453244,1,0,29,'苏云开','2017-12-01 00:00:00','快速消费品（食品/饮料/烟酒/日化）,贸易/进出口'),(219,35453244,2,0,29,'沈斌','2017-12-13 00:00:00','快速消费品（食品/饮料/烟酒/日化）,贸易/进出口'),(220,12415,0,0,30,'赵云','2017-12-01 00:00:00',''),(221,12415,1,0,30,'马超','2017-12-01 00:00:00',''),(222,12415,2,0,30,'牛头','2017-12-01 00:00:00',''),(223,46711223,0,3,31,'郭德','2017-12-01 00:00:00','能源/矿产/采掘/冶炼,房地产/建筑/建材/工程,电气/电力/水利,农/林/牧/渔'),(224,46711223,1,3,31,'朱宏宇','2017-12-01 00:00:00','能源/矿产/采掘/冶炼,房地产/建筑/建材/工程,电气/电力/水利,农/林/牧/渔'),(225,46711223,2,2,31,'曹守','2017-12-01 00:00:00','能源/矿产/采掘/冶炼,房地产/建筑/建材/工程,电气/电力/水利,农/林/牧/渔'),(226,12323,0,0,32,'闫妮','2017-12-01 00:00:00','wuxi'),(227,12323,1,1,32,'王东','2017-12-01 00:00:00','wuxi'),(228,12323,2,1,32,'王开三','2017-12-01 00:00:00','wuxi'),(229,4574,0,0,33,'风古','2017-12-01 00:00:00',''),(230,4574,1,0,33,'梅寒','2017-12-01 00:00:00',''),(231,4574,2,0,33,'周末','2017-12-01 00:00:00',''),(232,2132433,0,0,34,'林大飞','2017-12-01 00:00:00','w'),(233,2132433,1,0,34,'任东','2017-12-01 00:00:00','w'),(234,2132433,2,0,34,'王浩','2017-12-01 00:00:00','w'),(235,3,0,2,35,'乔·乔纳斯','2018-01-09 20:00:00','乡村歌手'),(236,3,1,2,35,'汤姆·希德勒斯顿','2018-04-27 00:00:00','乡村歌手'),(237,3,2,1,35,'乔·阿尔文','2018-08-17 00:00:00','乡村歌手'),(238,543543656,0,3,36,'张建云','2017-12-01 00:00:00','物业管理/商业中心,快速消费品'),(239,543543656,1,3,36,'胡敏','2017-12-01 00:00:00','物业管理/商业中心,快速消费品'),(240,543543656,2,1,36,'万延','2017-12-01 00:00:00','物业管理/商业中心,快速消费品'),(241,34234543,0,3,37,'李金铭','2017-12-21 11:47:00','e'),(242,34234543,1,3,37,'王鸥','2017-12-12 00:00:00','e'),(243,34234543,2,0,37,'戴明','2017-12-05 00:00:00','e'),(244,43543454,0,5,38,'时晓光','2017-12-01 00:00:00','专业服务/咨询(财会/法律/人力资源等),中介服务'),(245,43543454,1,3,38,'张苗','2017-12-01 00:00:00','专业服务/咨询(财会/法律/人力资源等),中介服务'),(246,43543454,2,1,38,'张千越','2017-12-01 00:00:00','专业服务/咨询(财会/法律/人力资源等),中介服务'),(247,343435,0,3,39,'黎明','2017-12-27 10:00:00','rt'),(248,343435,1,0,39,'蒋宏坤','2017-12-28 00:00:00','rt'),(249,343435,2,0,39,'顾及','2017-12-20 00:00:00','rt'),(250,324324543,0,0,40,'张晓彤','2017-12-01 00:00:00','贸易/进出口,互联网/电子商务'),(251,324324543,1,0,40,'王梦婷','2017-12-01 00:00:00','贸易/进出口,互联网/电子商务'),(252,324324543,2,0,40,'贾羽','2017-12-01 00:00:00','贸易/进出口,互联网/电子商务'),(253,24234345,0,2,41,'金利','2017-12-11 09:00:00','w'),(254,24234345,1,0,41,'王开三','2017-12-13 00:00:00','w'),(255,24234345,2,0,41,'李昊','2017-12-19 00:00:00','w'),(256,23426,0,0,42,'流火','2017-12-01 00:00:00',''),(257,23426,1,0,42,'风坚强','2017-12-01 00:00:00',''),(258,23426,2,0,42,'郝建','2017-12-01 00:00:00',''),(259,65434242,0,1,43,'范甘迪','2017-12-01 00:00:00','互联网/电子商务,计算机软件,基金/证券/期货/投资'),(260,65434242,1,2,43,'胡敦煌','2017-12-01 00:00:00','互联网/电子商务,计算机软件,基金/证券/期货/投资'),(261,65434242,2,1,43,'戴维','2017-12-01 00:00:00','互联网/电子商务,计算机软件,基金/证券/期货/投资'),(262,243455456,0,0,44,'李迪','2017-12-01 00:00:00','r'),(263,243455456,1,0,44,'李丹妮','2017-12-01 00:00:00','r'),(264,243455456,2,0,44,'王丹','2017-12-01 00:00:00','r'),(265,243243254,0,0,45,'陈国华','2017-12-01 00:00:00','房地产/建筑/建材/工程,物业管理/商业中心,教育/培训/院校'),(266,243243254,1,0,45,'饶剑峰','2017-12-01 00:00:00','房地产/建筑/建材/工程,物业管理/商业中心,教育/培训/院校'),(267,243243254,2,0,45,'杨海军','2017-12-01 00:00:00','房地产/建筑/建材/工程,物业管理/商业中心,教育/培训/院校'),(268,5678,0,0,46,'李爱国','2017-12-01 00:00:00','12'),(269,5678,1,0,46,'黄端','2017-12-01 00:00:00','12'),(270,5678,2,0,46,'张符','2017-12-01 00:00:00','12'),(271,4565476,0,0,47,'关国亮','2017-12-01 00:00:00','礼品/玩具/工艺美术/收藏品/奢侈品,能源/矿产/采掘/冶炼,零售/批发'),(272,4565476,1,0,47,'康辉','2017-12-01 00:00:00','礼品/玩具/工艺美术/收藏品/奢侈品,能源/矿产/采掘/冶炼,零售/批发'),(273,4565476,2,0,47,'张留','2017-12-01 00:00:00','礼品/玩具/工艺美术/收藏品/奢侈品,能源/矿产/采掘/冶炼,零售/批发'),(274,3545345,0,0,48,'李涵','2017-12-01 00:00:00','ded'),(275,3545345,1,0,48,'王飞龙','2017-12-01 00:00:00','ded'),(276,3545345,2,0,48,'金行','2017-12-01 00:00:00','ded'),(277,454534656,0,2,49,'何亮','2017-12-01 00:00:00','医药/生物工程'),(278,454534656,1,6,49,'赵一宇','2017-12-01 00:00:00','医药/生物工程'),(279,454534656,2,1,49,'胡飞','2017-12-01 00:00:00','医药/生物工程'),(280,457,0,0,50,'刘达菲','2017-12-01 00:00:00',''),(281,457,1,0,50,'周歌风','2017-12-01 00:00:00',''),(282,457,2,0,50,'吴糕','2017-12-01 00:00:00','');
/*!40000 ALTER TABLE `item` ENABLE KEYS */;
UNLOCK TABLES;

--
-- Table structure for table `log`
--

DROP TABLE IF EXISTS `log`;
/*!40101 SET @saved_cs_client     = @@character_set_client */;
/*!40101 SET character_set_client = utf8 */;
CREATE TABLE `log` (
  `lid` int(11) NOT NULL AUTO_INCREMENT,
  `comid` int(11) DEFAULT NULL,
  `uname` varchar(100) NOT NULL,
  `module` varchar(500) NOT NULL,
  `method` varchar(500) NOT NULL,
  `ip` varchar(200) NOT NULL,
  `otime` varchar(200) NOT NULL,
  `responseTime` varchar(20) NOT NULL,
  `result` varchar(500) NOT NULL,
  PRIMARY KEY (`lid`),
  UNIQUE KEY `lid` (`lid`)
) ENGINE=InnoDB AUTO_INCREMENT=1014 DEFAULT CHARSET=utf8;
/*!40101 SET character_set_client = @saved_cs_client */;

--
-- Dumping data for table `log`
--

LOCK TABLES `log` WRITE;
/*!40000 ALTER TABLE `log` DISABLE KEYS */;
INSERT INTO `log` VALUES (1,89,'zjl1','用户管理','注册','192.168.199.109','2017-12-01 09:52:41','69','执行成功！'),(2,89,'zxy','用户管理','登陆','192.168.199.109','2017-12-01 09:52:48','2','执行成功！'),(3,89,'zxy','客户管理','查询','192.168.199.109','2017-12-01 09:52:48','2','执行成功！'),(4,89,'zxy','客户管理','查询','192.168.199.109','2017-12-01 09:52:52','2','执行成功！'),(5,89,'zxy','供应商管理','查询','192.168.199.109','2017-12-01 09:52:55','2','执行成功！'),(6,89,'zxy','供应商管理','查询','192.168.199.109','2017-12-01 09:52:57','2','执行成功！'),(7,89,'zxy','客户管理','查询','192.168.199.109','2017-12-01 09:53:00','2','执行成功！'),(8,89,'zxy','客户管理','查询','192.168.199.109','2017-12-01 09:53:01','2','执行成功！'),(9,89,'zxy','客户管理','查询','192.168.199.109','2017-12-01 09:53:04','2','执行成功！'),(10,89,'zxy','客户管理','添加','192.168.199.109','2017-12-01 09:53:47','70','执行成功！'),(11,89,'zxy','客户管理','查询','192.168.199.109','2017-12-01 09:53:48','2','执行成功！'),(12,89,'zxy','客户管理','查询','192.168.199.109','2017-12-01 09:53:50','3','执行成功！'),(13,89,'zxy','客户管理','查询','192.168.199.109','2017-12-01 09:53:58','2','执行成功！'),(14,89,'zxy','客户管理','添加','192.168.199.109','2017-12-01 09:55:17','59','执行成功！'),(15,89,'zxy','客户管理','查询','192.168.199.109','2017-12-01 09:55:19','3','执行成功！'),(16,89,'zxy','客户管理','查询','192.168.199.109','2017-12-01 09:56:20','3','执行成功！'),(17,89,'zxy','客户管理','添加','192.168.199.109','2017-12-01 09:58:23','108','执行成功！'),(18,89,'zxy','客户管理','查询','192.168.199.109','2017-12-01 09:58:25','3','执行成功！'),(19,89,'zxy','客户管理','添加','192.168.199.109','2017-12-01 09:59:07','46','执行成功！'),(20,89,'zxy','客户管理','查询','192.168.199.109','2017-12-01 09:59:09','3','执行成功！'),(21,89,'zxy','客户管理','查询','192.168.199.109','2017-12-01 09:59:36','4','执行成功！'),(22,89,'zxy','客户管理','添加','192.168.199.109','2017-12-01 09:59:53','1','执行失败'),(23,89,'zxy','客户管理','添加','192.168.199.109','2017-12-01 09:59:55','5','执行失败'),(24,89,'zxy','客户管理','添加','192.168.199.109','2017-12-01 09:59:56','2','执行失败'),(25,89,'zxy','客户管理','添加','192.168.199.109','2017-12-01 09:59:56','2','执行失败'),(26,89,'zxy','客户管理','添加','192.168.199.109','2017-12-01 09:59:56','2','执行失败'),(27,89,'zxy','客户管理','添加','192.168.199.109','2017-12-01 09:59:56','1','执行失败'),(28,89,'zxy','客户管理','添加','192.168.199.109','2017-12-01 09:59:56','2','执行失败'),(29,89,'zxy','客户管理','添加','192.168.199.109','2017-12-01 09:59:57','3','执行失败'),(30,89,'zxy','客户管理','添加','192.168.199.109','2017-12-01 09:59:57','1','执行失败'),(31,89,'zxy','客户管理','添加','192.168.199.109','2017-12-01 09:59:57','2','执行失败'),(32,89,'zxy','客户管理','添加','192.168.199.109','2017-12-01 10:00:00','47','执行成功！'),(33,89,'zxy','客户管理','查询','192.168.199.109','2017-12-01 10:00:04','3','执行成功！'),(34,89,'zxy','客户管理','查询','192.168.199.109','2017-12-01 10:00:06','2','执行成功！'),(35,89,'zxy','客户管理','查询','192.168.199.109','2017-12-01 10:00:12','3','执行成功！'),(36,89,'zxy','客户管理','查询','192.168.199.109','2017-12-01 10:00:17','4','执行成功！'),(37,5,'zxy','客户管理','修改','192.168.199.109','2017-12-01 10:00:25','47','执行成功！'),(38,5,'zxy','客户管理','查询','192.168.199.109','2017-12-01 10:00:26','3','执行成功！'),(39,5,'zxy','客户管理','查询','192.168.199.109','2017-12-01 10:00:28','3','执行成功！'),(40,5,'zxy','供应商管理','查询','192.168.199.109','2017-12-01 10:00:39','1','执行成功！'),(41,5,'zxy','供应商管理','添加','192.168.199.109','2017-12-01 10:02:10','55','执行成功！'),(42,5,'zxy','供应商管理','查询','192.168.199.109','2017-12-01 10:02:12','2','执行成功！'),(43,5,'zxy','供应商管理','查询','192.168.199.109','2017-12-01 10:02:38','2','执行成功！'),(44,5,'zxy','供应商管理','添加','192.168.199.109','2017-12-01 10:02:49','54','执行成功！'),(45,5,'zxy','供应商管理','查询','192.168.199.109','2017-12-01 10:02:51','2','执行成功！'),(46,5,'zxy','供应商管理','添加','192.168.199.109','2017-12-01 10:03:25','57','执行成功！'),(47,5,'zxy','供应商管理','查询','192.168.199.109','2017-12-01 10:03:27','3','执行成功！'),(48,5,'zxy','供应商管理','添加','192.168.199.109','2017-12-01 10:03:59','57','执行成功！'),(49,5,'zxy','供应商管理','查询','192.168.199.109','2017-12-01 10:04:01','3','执行成功！'),(50,5,'zxy','供应商管理','添加','192.168.199.109','2017-12-01 10:04:32','69','执行成功！'),(51,5,'zxy','供应商管理','查询','192.168.199.109','2017-12-01 10:04:33','4','执行成功！'),(52,5,'zxy','供应商管理','查询','192.168.199.109','2017-12-01 10:04:36','4','执行成功！'),(53,5,'zxy','供应商管理','查询','192.168.199.109','2017-12-01 10:04:39','3','执行成功！'),(54,5,'zxy','供应商管理','添加','192.168.199.109','2017-12-01 10:05:33','50','执行成功！'),(55,5,'zxy','供应商管理','查询','192.168.199.109','2017-12-01 10:05:37','4','执行成功！'),(56,5,'zxy','供应商管理','查询','192.168.199.109','2017-12-01 10:06:11','4','执行成功！'),(57,5,'zxy','供应商管理','查询','192.168.199.109','2017-12-01 10:06:11','4','执行成功！'),(58,5,'zxy','供应商管理','查询','192.168.199.109','2017-12-01 10:06:12','3','执行成功！'),(59,5,'zxy','供应商管理','查询','192.168.199.109','2017-12-01 10:06:12','5','执行成功！'),(60,5,'zxy','客户管理','查询','192.168.199.109','2017-12-01 10:06:19','4','执行成功！'),(61,5,'zxy','供应商管理','查询','192.168.199.109','2017-12-01 10:06:22','5','执行成功！'),(62,5,'zxy','客户管理','查询','192.168.199.109','2017-12-01 10:06:24','5','执行成功！'),(63,5,'zxy','客户管理','添加','192.168.199.109','2017-12-01 10:07:04','70','执行成功！'),(64,5,'zxy','客户管理','查询','192.168.199.109','2017-12-01 10:07:06','4','执行成功！'),(65,5,'zxy','客户管理','添加','192.168.199.109','2017-12-01 10:07:40','58','执行成功！'),(66,5,'zxy','客户管理','查询','192.168.199.109','2017-12-01 10:07:41','4','执行成功！'),(67,5,'zxy','客户管理','添加','192.168.199.109','2017-12-01 10:08:08','52','执行成功！'),(68,5,'zxy','客户管理','查询','192.168.199.109','2017-12-01 10:08:09','5','执行成功！'),(69,5,'zxy','客户管理','添加','192.168.199.109','2017-12-01 10:08:35','108','执行成功！'),(70,5,'zxy','客户管理','查询','192.168.199.109','2017-12-01 10:08:36','6','执行成功！'),(71,5,'zxy','客户管理','添加','192.168.199.109','2017-12-01 10:09:00','96','执行成功！'),(72,5,'zxy','客户管理','查询','192.168.199.109','2017-12-01 10:09:02','8','执行成功！'),(73,5,'zxy','客户管理','查询','192.168.199.109','2017-12-01 10:09:23','13','执行成功！'),(74,5,'zxy','客户管理','添加','192.168.199.109','2017-12-01 10:09:36','65','执行成功！'),(75,5,'zxy','客户管理','查询','192.168.199.109','2017-12-01 10:09:38','7','执行成功！'),(76,5,'zxy','客户管理','查询','192.168.199.109','2017-12-01 10:09:52','6','执行成功！'),(77,5,'zxy','客户管理','添加','192.168.199.109','2017-12-01 10:10:02','113','执行成功！'),(78,5,'zxy','客户管理','查询','192.168.199.109','2017-12-01 10:10:04','7','执行成功！'),(79,5,'zxy','客户管理','查询','192.168.199.109','2017-12-01 10:10:07','9','执行成功！'),(80,5,'zxy','供应商管理','查询','192.168.199.109','2017-12-01 10:10:13','3','执行成功！'),(81,5,'zxy','供应商管理','添加','192.168.199.109','2017-12-01 10:10:37','73','执行成功！'),(82,5,'zxy','供应商管理','查询','192.168.199.109','2017-12-01 10:10:38','3','执行成功！'),(83,5,'zxy','供应商管理','添加','192.168.199.109','2017-12-01 10:11:06','153','执行成功！'),(84,5,'zxy','供应商管理','查询','192.168.199.109','2017-12-01 10:11:08','4','执行成功！'),(85,5,'zxy','供应商管理','添加','192.168.199.109','2017-12-01 10:11:41','94','执行成功！'),(86,5,'zxy','供应商管理','查询','192.168.199.109','2017-12-01 10:11:43','5','执行成功！'),(87,5,'zxy','供应商管理','添加','192.168.199.109','2017-12-01 10:12:17','56','执行成功！'),(88,5,'zxy','供应商管理','查询','192.168.199.109','2017-12-01 10:12:19','5','执行成功！'),(89,5,'zxy','供应商管理','添加','192.168.199.109','2017-12-01 10:13:00','46','执行成功！'),(90,5,'zxy','供应商管理','查询','192.168.199.109','2017-12-01 10:13:02','5','执行成功！'),(91,5,'zxy','供应商管理','添加','192.168.199.109','2017-12-01 10:13:33','49','执行成功！'),(92,5,'zxy','供应商管理','查询','192.168.199.109','2017-12-01 10:13:34','6','执行成功！'),(93,5,'zxy','供应商管理','查询','192.168.199.109','2017-12-01 10:13:37','10','执行成功！'),(94,5,'zxy','客户管理','查询','192.168.199.109','2017-12-01 10:13:40','8','执行成功！'),(95,1,'zxy','客户管理','修改','192.168.199.109','2017-12-01 10:13:54','66','执行成功！'),(96,1,'zxy','客户管理','查询','192.168.199.109','2017-12-01 10:13:55','8','执行成功！'),(97,1,'zxy','客户管理','查询','192.168.199.109','2017-12-01 10:13:59','3','执行成功！'),(98,1,'zxy','客户管理','查询','192.168.199.109','2017-12-01 10:14:03','9','执行成功！'),(99,1,'zxy','供应商管理','查询','192.168.199.109','2017-12-01 10:14:22','6','执行成功！'),(100,1,'zxy','客户管理','查询','192.168.199.109','2017-12-01 10:14:27','9','执行成功！'),(101,1,'zxy','客户管理','添加','192.168.199.109','2017-12-01 10:15:19','2','执行失败'),(102,1,'zxy','客户管理','添加','192.168.199.109','2017-12-01 10:15:24','55','执行成功！'),(103,1,'zxy','客户管理','查询','192.168.199.109','2017-12-01 10:15:26','8','执行成功！'),(104,1,'zxy','客户管理','查询','192.168.199.109','2017-12-01 10:15:29','2','执行成功！'),(105,1,'zxy','客户管理','添加','192.168.199.109','2017-12-01 10:17:01','41','执行成功！'),(106,1,'zxy','客户管理','查询','192.168.199.109','2017-12-01 10:17:03','11','执行成功！'),(107,1,'zxy','客户管理','查询','192.168.199.109','2017-12-01 10:17:05','3','执行成功！'),(108,1,'zxy','客户管理','查询','192.168.199.109','2017-12-01 10:17:22','9','执行成功！'),(109,1,'zxy','客户管理','查询','192.168.199.109','2017-12-01 10:17:24','11','执行成功！'),(110,1,'zxy','客户管理','查询','192.168.199.109','2017-12-01 10:17:30','11','执行成功！'),(111,26,'zxy','客户管理','修改','192.168.199.109','2017-12-01 10:17:47','56','执行成功！'),(112,26,'zxy','客户管理','查询','192.168.199.109','2017-12-01 10:17:49','9','执行成功！'),(113,26,'zxy','客户管理','查询','192.168.199.109','2017-12-01 10:18:02','11','执行成功！'),(114,26,'zxy','客户管理','查询','192.168.199.109','2017-12-01 10:18:03','10','执行成功！'),(115,26,'zxy','用户管理','登陆','192.168.199.110','2017-12-01 10:18:24','4','执行成功！'),(116,26,'zxy','用户管理','登陆','192.168.199.110','2017-12-01 10:18:26','2','执行成功！'),(117,26,'zxy','客户管理','查询','192.168.199.109','2017-12-01 10:18:33','9','执行成功！'),(118,26,'zxy','客户管理','查询','192.168.199.109','2017-12-01 10:18:33','12','执行成功！'),(119,26,'zxy','客户管理','查询','192.168.199.109','2017-12-01 10:18:47','9','执行成功！'),(120,26,'zxy','客户管理','删除','192.168.199.109','2017-12-01 10:18:53','94','执行成功！'),(121,26,'zxy','客户管理','查询','192.168.199.109','2017-12-01 10:18:55','10','执行成功！'),(122,26,'zxy','用户管理','登陆','192.168.199.110','2017-12-01 10:18:57','2','执行成功！'),(123,26,'zxy','客户管理','删除','192.168.199.109','2017-12-01 10:18:58','53','执行成功！'),(124,26,'zxy','客户管理','查询','192.168.199.109','2017-12-01 10:18:59','9','执行成功！'),(125,26,'zxy','供应商管理','查询','192.168.199.109','2017-12-01 10:20:35','7','执行成功！'),(126,26,'zxy','供应商管理','查询','192.168.199.109','2017-12-01 10:20:37','8','执行成功！'),(127,26,'zxy','客户管理','查询','192.168.199.109','2017-12-01 10:20:39','11','执行成功！'),(128,26,'zxy','客户管理','查询','192.168.199.109','2017-12-01 10:20:41','9','执行成功！'),(129,26,'zxy','用户管理','登陆','192.168.199.110','2017-12-01 10:21:19','1','执行成功！'),(130,26,'zxy','客户管理','查询','192.168.199.110','2017-12-01 10:21:20','11','执行成功！'),(131,26,'zxy','用户管理','登陆','192.168.199.111','2017-12-01 10:22:31','1','执行成功！'),(132,26,'zxy','客户管理','查询','192.168.199.111','2017-12-01 10:22:33','7','执行成功！'),(133,26,'zxy','客户管理','查询','192.168.199.111','2017-12-01 10:22:48','5','执行成功！'),(134,26,'zxy','客户管理','查询','192.168.199.111','2017-12-01 10:23:22','8','执行成功！'),(135,26,'zxy','客户管理','查询','192.168.199.111','2017-12-01 10:23:34','8','执行成功！'),(136,26,'zxy','客户管理','查询','192.168.199.111','2017-12-01 10:23:36','7','执行成功！'),(137,26,'zxy','客户管理','查询','192.168.199.110','2017-12-01 10:24:04','7','执行成功！'),(138,26,'zxy','客户管理','查询','192.168.199.110','2017-12-01 10:24:55','25','执行成功！'),(139,26,'zxy','客户管理','查询','192.168.199.109','2017-12-01 10:25:36','9','执行成功！'),(140,26,'zxy','客户管理','查询','192.168.199.111','2017-12-01 10:26:01','7','执行成功！'),(141,26,'zxy','客户管理','查询','192.168.199.110','2017-12-01 10:26:06','7','执行成功！'),(142,26,'zxy','用户管理','注册','192.168.199.109','2017-12-01 10:26:07','53','执行成功！'),(143,26,'zxy','客户管理','查询','192.168.199.111','2017-12-01 10:26:11','8','执行成功！'),(144,26,'qaz','用户管理','登陆','192.168.199.109','2017-12-01 10:26:12','2','执行成功！'),(145,26,'qaz','客户管理','查询','192.168.199.109','2017-12-01 10:26:12','10','执行成功！'),(146,26,'qaz','客户管理','查询','192.168.199.109','2017-12-01 10:26:18','3','执行成功！'),(147,26,'zxy','客户管理','查询','192.168.199.111','2017-12-01 10:26:20','8','执行成功！'),(148,26,'qaz','客户管理','查询','192.168.199.109','2017-12-01 10:26:21','10','执行成功！'),(149,26,'zxy','客户管理','查询','192.168.199.110','2017-12-01 10:26:23','7','执行成功！'),(150,1,'qaz','客户管理','修改','192.168.199.109','2017-12-01 10:26:27','49','执行成功！'),(151,1,'qaz','客户管理','查询','192.168.199.109','2017-12-01 10:26:29','12','执行成功！'),(152,1,'zxy','客户管理','查询','192.168.199.110','2017-12-01 10:26:30','9','执行成功！'),(153,1,'qaz','客户管理','查询','192.168.199.109','2017-12-01 10:26:33','3','执行成功！'),(154,1,'zxy','客户管理','查询','192.168.199.110','2017-12-01 10:26:42','7','执行成功！'),(155,1,'zxy','客户管理','查询','192.168.199.110','2017-12-01 10:26:55','8','执行成功！'),(156,1,'qaz','客户管理','查询','192.168.199.109','2017-12-01 10:26:59','10','执行成功！'),(157,1,'qaz','供应商管理','查询','192.168.199.109','2017-12-01 10:27:02','6','执行成功！'),(158,1,'zxy','客户管理','查询','192.168.199.110','2017-12-01 10:27:03','9','执行成功！'),(159,1,'zxy','客户管理','查询','192.168.199.111','2017-12-01 10:28:06','12','执行成功！'),(160,1,'zxy','客户管理','查询','192.168.199.111','2017-12-01 10:36:50','16','执行成功！'),(161,1,'qaz','供应商管理','查询','192.168.199.109','2017-12-01 10:37:54','7','执行成功！'),(162,1,'qaz','供应商管理','查询','192.168.199.109','2017-12-01 10:37:55','8','执行成功！'),(163,1,'qaz','供应商管理','查询','192.168.199.109','2017-12-01 10:37:57','10','执行成功！'),(164,1,'qaz','供应商管理','查询','192.168.199.109','2017-12-01 10:37:58','7','执行成功！'),(165,1,'qaz','供应商管理','查询','192.168.199.109','2017-12-01 10:38:00','10','执行成功！'),(166,1,'qaz','供应商管理','查询','192.168.199.109','2017-12-01 10:39:00','7','执行成功！'),(167,1,'qaz','客户管理','查询','192.168.199.109','2017-12-01 10:39:01','10','执行成功！'),(168,1,'zxy','客户管理','查询','192.168.199.111','2017-12-01 10:39:20','9','执行成功！'),(169,NULL,'zxy','用户管理','登陆','192.168.199.109','2017-12-01 10:44:22','191','执行成功！'),(170,NULL,'zxy','客户管理','查询','192.168.199.109','2017-12-01 10:44:23','169','执行成功！'),(171,NULL,'zxy','客户管理','查询','192.168.199.109','2017-12-01 10:44:30','75','执行成功！'),(172,NULL,'zxy','用户管理','退出登录','192.168.199.109','2017-12-01 10:44:34','1','执行成功！'),(173,NULL,'zxy','客户管理','查询','192.168.199.109','2017-12-01 10:44:44','41','执行成功！'),(174,NULL,'zxy','用户管理','登陆','192.168.199.109','2017-12-01 10:44:54','3','执行成功！'),(175,NULL,'qaz','用户管理','登陆','192.168.199.109','2017-12-01 10:44:58','1','执行成功！'),(176,NULL,'qaz','客户管理','查询','192.168.199.109','2017-12-01 10:44:59','41','执行成功！'),(177,NULL,'qaz','客户管理','查询','192.168.199.109','2017-12-01 10:45:06','48','执行成功！'),(178,NULL,'qaz','用户管理','退出登录','192.168.199.109','2017-12-01 10:45:30','0','执行成功！'),(179,NULL,'qaz','用户管理','登陆','192.168.199.109','2017-12-01 10:45:37','4','执行成功！'),(180,NULL,'zxy','用户管理','登陆','192.168.199.109','2017-12-01 10:45:45','3','执行成功！'),(181,NULL,'zxy','客户管理','查询','192.168.199.109','2017-12-01 10:45:46','35','执行成功！'),(182,NULL,'zxy','用户管理','退出登录','192.168.199.109','2017-12-01 10:45:49','0','执行成功！'),(183,NULL,'zxy','用户管理','登陆','192.168.199.109','2017-12-01 10:46:04','3','执行成功！'),(184,NULL,'qaz','用户管理','登陆','192.168.199.109','2017-12-01 10:46:08','3','执行成功！'),(185,NULL,'qaz','客户管理','查询','192.168.199.109','2017-12-01 10:46:08','28','执行成功！'),(186,NULL,'qaz','用户管理','退出登录','192.168.199.109','2017-12-01 10:46:11','0','执行成功！'),(187,NULL,'qaz','用户管理','登陆','192.168.199.109','2017-12-01 10:46:17','2','执行成功！'),(188,NULL,'qaz','客户管理','查询','192.168.199.109','2017-12-01 10:46:17','28','执行成功！'),(189,NULL,'qaz','用户管理','退出登录','192.168.199.109','2017-12-01 10:46:19','0','执行成功！'),(190,NULL,'qaz','用户管理','登陆','192.168.199.109','2017-12-01 10:46:28','2','执行成功！'),(191,NULL,'qaz','客户管理','查询','192.168.199.109','2017-12-01 10:46:28','23','执行成功！'),(192,NULL,'qaz','客户管理','查询','192.168.199.109','2017-12-01 10:46:30','27','执行成功！'),(193,NULL,'qaz','供应商管理','查询','192.168.199.109','2017-12-01 10:46:32','11','执行成功！'),(194,NULL,'qaz','用户管理','退出登录','192.168.199.109','2017-12-01 10:46:46','1','执行成功！'),(195,NULL,'qaz','客户管理','查询','192.168.199.109','2017-12-01 10:47:00','18','执行成功！'),(196,NULL,'qaz','用户管理','退出登录','192.168.199.109','2017-12-01 10:47:02','0','执行成功！'),(197,NULL,'qaz','用户管理','登陆','192.168.199.109','2017-12-01 10:47:08','3','执行成功！'),(198,NULL,'qaz','客户管理','查询','192.168.199.109','2017-12-01 10:47:08','19','执行成功！'),(199,NULL,'qaz','供应商管理','查询','192.168.199.109','2017-12-01 10:47:16','11','执行成功！'),(200,NULL,'qaz','供应商管理','查询','192.168.199.109','2017-12-01 10:47:17','9','执行成功！'),(201,NULL,'qaz','用户管理','退出登录','192.168.199.109','2017-12-01 10:47:20','1','执行成功！'),(202,NULL,'qaz','用户管理','登陆','192.168.199.109','2017-12-01 10:52:56','3','执行成功！'),(203,NULL,'qaz','客户管理','查询','192.168.199.109','2017-12-01 10:52:57','26','执行成功！'),(204,NULL,'qaz','客户管理','查询','192.168.199.109','2017-12-01 10:52:59','18','执行成功！'),(205,NULL,'qaz','供应商管理','查询','192.168.199.109','2017-12-01 10:53:04','10','执行成功！'),(206,NULL,'qaz','供应商管理','查询','192.168.199.109','2017-12-01 10:53:05','13','执行成功！'),(207,NULL,'qaz','供应商管理','查询','192.168.199.109','2017-12-01 10:53:07','9','执行成功！'),(208,NULL,'qaz','供应商管理','查询','192.168.199.109','2017-12-01 10:53:40','11','执行成功！'),(209,NULL,'qaz','供应商管理','查询','192.168.199.109','2017-12-01 10:53:41','10','执行成功！'),(210,NULL,'qaz','供应商管理','查询','192.168.199.109','2017-12-01 10:53:41','10','执行成功！'),(211,NULL,'qaz','供应商管理','查询','192.168.199.109','2017-12-01 10:53:43','9','执行成功！'),(212,NULL,'qaz','供应商管理','查询','192.168.199.109','2017-12-01 10:53:44','10','执行成功！'),(213,NULL,'qaz','供应商管理','查询','192.168.199.109','2017-12-01 10:53:44','10','执行成功！'),(214,NULL,'qaz','供应商管理','查询','192.168.199.109','2017-12-01 10:53:50','15','执行成功！'),(215,NULL,'qaz','供应商管理','查询','192.168.199.109','2017-12-01 10:53:50','16','执行成功！'),(216,NULL,'qaz','供应商管理','查询','192.168.199.109','2017-12-01 10:53:50','9','执行成功！'),(217,NULL,'qaz','供应商管理','查询','192.168.199.109','2017-12-01 10:53:51','10','执行成功！'),(218,NULL,'qaz','供应商管理','查询','192.168.199.109','2017-12-01 10:53:52','15','执行成功！'),(219,NULL,'qaz','供应商管理','查询','192.168.199.109','2017-12-01 10:53:52','10','执行成功！'),(220,NULL,'qaz','供应商管理','查询','192.168.199.109','2017-12-01 10:53:52','10','执行成功！'),(221,NULL,'qaz','供应商管理','查询','192.168.199.109','2017-12-01 10:53:53','9','执行成功！'),(222,NULL,'qaz','供应商管理','查询','192.168.199.109','2017-12-01 10:53:53','10','执行成功！'),(223,NULL,'qaz','供应商管理','查询','192.168.199.109','2017-12-01 10:53:54','17','执行成功！'),(224,NULL,'qaz','用户管理','登陆','192.168.199.111','2017-12-01 10:53:55','2','执行成功！'),(225,NULL,'qaz','供应商管理','查询','192.168.199.109','2017-12-01 10:59:02','9','执行成功！'),(226,NULL,'qaz','客户管理','查询','192.168.199.109','2017-12-01 10:59:04','15','执行成功！'),(227,NULL,'qaz','供应商管理','查询','192.168.199.109','2017-12-01 10:59:06','13','执行成功！'),(228,6,'qaz','供应商管理','修改','192.168.199.109','2017-12-01 10:59:10','91','执行成功！'),(229,6,'qaz','供应商管理','查询','192.168.199.109','2017-12-01 10:59:12','9','执行成功！'),(230,6,'qaz','供应商管理','查询','192.168.199.109','2017-12-01 10:59:18','10','执行成功！'),(231,6,'qaz','用户管理','退出登录','192.168.199.109','2017-12-01 10:59:50','1','执行成功！'),(232,6,'zxy','用户管理','登陆','192.168.199.109','2017-12-01 10:59:54','2','执行成功！'),(233,6,'zxy','客户管理','查询','192.168.199.109','2017-12-01 10:59:54','30','执行成功！'),(234,6,'zxy','供应商管理','查询','192.168.199.109','2017-12-01 10:59:58','11','执行成功！'),(235,7,'zxy','供应商管理','修改','192.168.199.109','2017-12-01 11:00:03','63','执行成功！'),(236,7,'zxy','供应商管理','查询','192.168.199.109','2017-12-01 11:00:04','8','执行成功！'),(237,7,'zxy','供应商管理','查询','192.168.199.109','2017-12-01 11:00:05','2','执行成功！'),(238,7,'zxy','用户管理','退出登录','192.168.199.109','2017-12-01 11:00:11','0','执行成功！'),(239,7,'zxy','用户管理','注册','192.168.199.109','2017-12-01 11:00:18','83','执行成功！'),(240,7,'123','用户管理','登陆','192.168.199.109','2017-12-01 11:00:22','2','执行成功！'),(241,7,'123','客户管理','查询','192.168.199.109','2017-12-01 11:00:22','14','执行成功！'),(242,7,'123','供应商管理','查询','192.168.199.109','2017-12-01 11:00:26','10','执行成功！'),(243,7,'123','客户管理','查询','192.168.199.109','2017-12-01 11:00:58','18','执行成功！'),(244,7,'123','供应商管理','查询','192.168.199.109','2017-12-01 11:01:13','11','执行成功！'),(245,7,'123','供应商管理','查询','192.168.199.109','2017-12-01 11:10:35','10','执行成功！'),(246,7,'123','供应商管理','查询','192.168.199.109','2017-12-01 11:10:35','10','执行成功！'),(247,7,'123','供应商管理','查询','192.168.199.109','2017-12-01 11:10:35','10','执行成功！'),(248,7,'123','供应商管理','查询','192.168.199.109','2017-12-01 11:13:33','11','执行成功！'),(249,7,'123','供应商管理','查询','192.168.199.109','2017-12-01 11:13:39','11','执行成功！'),(250,7,'123','供应商管理','查询','192.168.199.109','2017-12-01 11:13:42','12','执行成功！'),(251,19,'123','供应商管理','修改','192.168.199.109','2017-12-01 11:13:48','77','执行成功！'),(252,19,'123','供应商管理','查询','192.168.199.109','2017-12-01 11:13:49','10','执行成功！'),(253,19,'123','供应商管理','查询','192.168.199.109','2017-12-01 11:13:51','3','执行成功！'),(254,19,'123','客户管理','查询','192.168.199.109','2017-12-01 11:13:58','13','执行成功！'),(255,NULL,'qaz','用户管理','登陆','192.168.199.109','2017-12-01 12:26:26','192','执行成功！'),(256,NULL,'qaz','客户管理','查询','192.168.199.109','2017-12-01 12:26:26','131','执行成功！'),(257,NULL,'qaz','客户管理','查询','192.168.199.109','2017-12-01 12:26:29','62','执行成功！'),(258,NULL,'qaz','客户管理','添加','192.168.199.109','2017-12-01 12:27:02','60','执行成功！'),(259,NULL,'qaz','客户管理','查询','192.168.199.109','2017-12-01 12:27:04','54','执行成功！'),(260,NULL,'qaz','客户管理','查询','192.168.199.109','2017-12-01 12:27:34','44','执行成功！'),(261,NULL,'qaz','客户管理','查询','192.168.199.109','2017-12-01 12:27:34','86','执行成功！'),(262,NULL,'qaz','客户管理','查询','192.168.199.109','2017-12-01 12:27:35','38','执行成功！'),(263,NULL,'qaz','供应商管理','查询','192.168.199.109','2017-12-01 12:27:37','22','执行成功！'),(264,22,'qaz','供应商管理','修改','192.168.199.109','2017-12-01 12:27:43','51','执行成功！'),(265,22,'qaz','供应商管理','查询','192.168.199.109','2017-12-01 12:27:44','17','执行成功！'),(266,22,'qaz','供应商管理','查询','192.168.199.109','2017-12-01 12:27:46','4','执行成功！'),(267,NULL,'qaz','用户管理','登陆','192.168.199.109','2017-12-01 12:37:35','194','执行成功！'),(268,NULL,'qaz','客户管理','查询','192.168.199.109','2017-12-01 12:37:36','148','执行成功！'),(269,NULL,'qaz','供应商管理','查询','192.168.199.109','2017-12-01 12:37:43','60','执行成功！'),(270,22,'qaz','供应商管理','修改','192.168.199.109','2017-12-01 12:37:54','88','执行成功！'),(271,NULL,'qaz','供应商管理','查询','192.168.199.109','2017-12-01 12:37:55','37','执行成功！'),(272,NULL,'qaz','供应商管理','查询','192.168.199.109','2017-12-01 12:37:57','7','执行成功！'),(273,NULL,'qaz','供应商管理','查询','192.168.199.109','2017-12-01 12:38:07','26','执行成功！'),(274,NULL,'qaz','供应商管理','查询','192.168.199.109','2017-12-01 12:38:09','27','执行成功！'),(275,NULL,'qaz','客户管理','查询','192.168.199.109','2017-12-01 12:38:18','51','执行成功！'),(276,NULL,'qaz','客户管理','查询','192.168.199.109','2017-12-01 12:38:21','45','执行成功！'),(277,NULL,'qaz','客户管理','查询','192.168.199.109','2017-12-01 12:38:35','45','执行成功！'),(278,4,'qaz','客户管理','修改','192.168.199.109','2017-12-01 12:38:46','49','执行成功！'),(279,NULL,'qaz','客户管理','查询','192.168.199.109','2017-12-01 12:38:47','27','执行成功！'),(280,NULL,'qaz','客户管理','查询','192.168.199.109','2017-12-01 12:38:51','12','执行成功！'),(281,NULL,'qaz','客户管理','查询','192.168.199.109','2017-12-01 12:38:57','28','执行成功！'),(282,NULL,'qaz','客户管理','查询','192.168.199.109','2017-12-01 12:39:01','4','执行成功！'),(283,NULL,'qaz','供应商管理','查询','192.168.199.109','2017-12-01 12:39:11','15','执行成功！'),(284,NULL,'qaz','供应商管理','查询','192.168.199.109','2017-12-01 12:39:13','16','执行成功！'),(285,NULL,'qaz','供应商管理','查询','192.168.199.109','2017-12-01 12:39:14','17','执行成功！'),(286,NULL,'qaz','供应商管理','查询','192.168.199.109','2017-12-01 12:39:22','16','执行成功！'),(287,NULL,'qaz','客户管理','查询','192.168.199.109','2017-12-01 12:39:29','20','执行成功！'),(288,NULL,'qaz','客户管理','查询','192.168.199.109','2017-12-01 12:39:31','20','执行成功！'),(289,NULL,'qaz','客户管理','查询','192.168.199.109','2017-12-01 12:39:40','20','执行成功！'),(290,NULL,'qaz','客户管理','查询','192.168.199.109','2017-12-01 12:39:43','4','执行成功！'),(291,NULL,'qaz','客户管理','查询','192.168.199.109','2017-12-01 12:39:47','21','执行成功！'),(292,14,'qaz','客户管理','修改','192.168.199.109','2017-12-01 12:39:55','71','执行成功！'),(293,NULL,'qaz','客户管理','查询','192.168.199.109','2017-12-01 12:39:57','19','执行成功！'),(294,NULL,'qaz','客户管理','查询','192.168.199.109','2017-12-01 12:39:58','3','执行成功！'),(295,NULL,'qaz','客户管理','查询','192.168.199.109','2017-12-01 12:40:03','18','执行成功！'),(296,NULL,'qaz','客户管理','查询','192.168.199.109','2017-12-01 12:40:06','3','执行成功！'),(297,NULL,'qaz','客户管理','查询','192.168.199.109','2017-12-01 12:40:12','22','执行成功！'),(298,NULL,'qaz','客户管理','查询','192.168.199.109','2017-12-01 12:40:14','4','执行成功！'),(299,NULL,'qaz','客户管理','查询','192.168.199.109','2017-12-01 12:40:20','16','执行成功！'),(300,NULL,'qaz','客户管理','查询','192.168.199.109','2017-12-01 12:40:21','29','执行成功！'),(301,NULL,'qaz','供应商管理','查询','192.168.199.109','2017-12-01 12:40:23','12','执行成功！'),(302,NULL,'qaz','供应商管理','查询','192.168.199.109','2017-12-01 12:40:28','13','执行成功！'),(303,NULL,'qaz','客户管理','查询','192.168.199.109','2017-12-01 12:40:34','17','执行成功！'),(304,NULL,'qaz','客户管理','查询','192.168.199.109','2017-12-01 12:40:41','16','执行成功！'),(305,1,'qaz','客户管理','修改','192.168.199.109','2017-12-01 12:40:48','65','执行成功！'),(306,NULL,'qaz','客户管理','查询','192.168.199.109','2017-12-01 12:40:49','18','执行成功！'),(307,NULL,'qaz','客户管理','查询','192.168.199.109','2017-12-01 12:40:51','5','执行成功！'),(308,NULL,'qaz','客户管理','查询','192.168.199.109','2017-12-01 12:40:56','16','执行成功！'),(309,NULL,'qaz','客户管理','查询','192.168.199.109','2017-12-01 12:41:02','16','执行成功！'),(310,NULL,'qaz','客户管理','查询','192.168.199.109','2017-12-01 12:41:03','4','执行成功！'),(311,NULL,'qaz','客户管理','查询','192.168.199.109','2017-12-01 12:41:07','16','执行成功！'),(312,NULL,'qaz','供应商管理','查询','192.168.199.109','2017-12-01 12:41:10','11','执行成功！'),(313,21,'qaz','供应商管理','修改','192.168.199.109','2017-12-01 12:41:16','46','执行成功！'),(314,NULL,'qaz','供应商管理','查询','192.168.199.109','2017-12-01 12:41:18','13','执行成功！'),(315,NULL,'qaz','供应商管理','查询','192.168.199.109','2017-12-01 12:41:19','4','执行成功！'),(316,NULL,'qaz','供应商管理','查询','192.168.199.109','2017-12-01 12:41:29','12','执行成功！'),(317,21,'qaz','供应商管理','修改','192.168.199.109','2017-12-01 12:41:39','51','执行成功！'),(318,NULL,'qaz','供应商管理','查询','192.168.199.109','2017-12-01 12:41:42','11','执行成功！'),(319,NULL,'qaz','供应商管理','查询','192.168.199.109','2017-12-01 12:41:44','4','执行成功！'),(320,NULL,'qaz','供应商管理','查询','192.168.199.109','2017-12-01 12:41:50','13','执行成功！'),(321,NULL,'qaz','供应商管理','查询','192.168.199.109','2017-12-01 12:42:36','13','执行成功！'),(322,NULL,'qaz','供应商管理','查询','192.168.199.109','2017-12-01 12:42:52','18','执行成功！'),(323,20,'qaz','供应商管理','修改','192.168.199.109','2017-12-01 12:43:07','127','执行成功！'),(324,NULL,'qaz','供应商管理','查询','192.168.199.109','2017-12-01 12:43:10','13','执行成功！'),(325,NULL,'qaz','供应商管理','查询','192.168.199.109','2017-12-01 12:43:12','3','执行成功！'),(326,NULL,'qaz','供应商管理','查询','192.168.199.109','2017-12-01 12:43:18','12','执行成功！'),(327,NULL,'qaz','供应商管理','查询','192.168.199.109','2017-12-01 12:43:20','3','执行成功！'),(328,NULL,'qaz','供应商管理','查询','192.168.199.109','2017-12-01 12:43:31','14','执行成功！'),(329,NULL,'qaz','供应商管理','查询','192.168.199.109','2017-12-01 12:43:36','11','执行成功！'),(330,NULL,'qaz','用户管理','登陆','192.168.199.109','2017-12-01 13:29:07','195','执行成功！'),(331,NULL,'qaz','客户管理','查询','192.168.199.109','2017-12-01 13:29:08','150','执行成功！'),(332,NULL,'qaz','供应商管理','查询','192.168.199.109','2017-12-01 13:29:16','41','执行成功！'),(333,NULL,'qaz','客户管理','查询','192.168.199.109','2017-12-01 13:29:33','54','执行成功！'),(334,NULL,'qaz','客户管理','查询','192.168.199.109','2017-12-01 13:29:44','53','执行成功！'),(335,12,'qaz','客户管理','修改','192.168.199.109','2017-12-01 13:29:54','60','执行成功！'),(336,NULL,'qaz','客户管理','查询','192.168.199.109','2017-12-01 13:29:57','40','执行成功！'),(337,NULL,'qaz','客户管理','查询','192.168.199.109','2017-12-01 13:29:59','7','执行成功！'),(338,NULL,'qaz','客户管理','查询','192.168.199.109','2017-12-01 13:30:05','42','执行成功！'),(339,NULL,'qaz','客户管理','查询','192.168.199.109','2017-12-01 13:30:09','36','执行成功！'),(340,NULL,'qaz','供应商管理','查询','192.168.199.109','2017-12-01 13:30:14','19','执行成功！'),(341,21,'qaz','供应商管理','修改','192.168.199.109','2017-12-01 13:30:30','53','执行成功！'),(342,NULL,'qaz','供应商管理','查询','192.168.199.109','2017-12-01 13:30:32','21','执行成功！'),(343,NULL,'qaz','供应商管理','查询','192.168.199.109','2017-12-01 13:30:38','4','执行成功！'),(344,NULL,'qaz','客户管理','查询','192.168.199.109','2017-12-01 13:30:41','27','执行成功！'),(345,NULL,'qaz','客户管理','查询','192.168.199.109','2017-12-01 13:30:43','26','执行成功！'),(346,NULL,'qaz','客户管理','查询','192.168.199.109','2017-12-01 13:30:47','27','执行成功！'),(347,NULL,'qaz','客户管理','查询','192.168.199.109','2017-12-01 13:31:02','5','执行成功！'),(348,NULL,'qaz','客户管理','查询','192.168.199.109','2017-12-01 13:31:06','23','执行成功！'),(349,27,'qaz','客户管理','修改','192.168.199.109','2017-12-01 13:31:18','80','执行成功！'),(350,NULL,'qaz','客户管理','查询','192.168.199.109','2017-12-01 13:31:20','24','执行成功！'),(351,NULL,'qaz','客户管理','查询','192.168.199.109','2017-12-01 13:31:23','4','执行成功！'),(352,NULL,'qaz','客户管理','查询','192.168.199.109','2017-12-01 13:31:28','22','执行成功！'),(353,NULL,'qaz','客户管理','查询','192.168.199.109','2017-12-01 13:31:31','20','执行成功！'),(354,NULL,'qaz','客户管理','查询','192.168.199.109','2017-12-01 13:31:40','20','执行成功！'),(355,18,'qaz','客户管理','修改','192.168.199.109','2017-12-01 13:31:48','54','执行成功！'),(356,NULL,'qaz','客户管理','查询','192.168.199.109','2017-12-01 13:31:49','19','执行成功！'),(357,NULL,'qaz','客户管理','查询','192.168.199.109','2017-12-01 13:31:52','3','执行成功！'),(358,NULL,'qaz','客户管理','查询','192.168.199.109','2017-12-01 13:31:57','22','执行成功！'),(359,NULL,'qaz','客户管理','查询','192.168.199.109','2017-12-01 13:32:01','4','执行成功！'),(360,NULL,'qaz','客户管理','查询','192.168.199.109','2017-12-01 13:32:05','19','执行成功！'),(361,NULL,'qaz','供应商管理','查询','192.168.199.109','2017-12-01 13:32:14','15','执行成功！'),(362,NULL,'qaz','供应商管理','查询','192.168.199.109','2017-12-01 13:32:18','13','执行成功！'),(363,6,'qaz','供应商管理','修改','192.168.199.109','2017-12-01 13:32:24','52','执行成功！'),(364,NULL,'qaz','供应商管理','查询','192.168.199.109','2017-12-01 13:32:26','13','执行成功！'),(365,NULL,'qaz','供应商管理','查询','192.168.199.109','2017-12-01 13:32:27','5','执行成功！'),(366,NULL,'qaz','供应商管理','查询','192.168.199.109','2017-12-01 13:32:30','15','执行成功！'),(367,NULL,'qaz','供应商管理','查询','192.168.199.109','2017-12-01 13:32:31','14','执行成功！'),(368,NULL,'qaz','客户管理','查询','192.168.199.109','2017-12-01 13:32:36','19','执行成功！'),(369,1,'qaz','客户管理','修改','192.168.199.109','2017-12-01 13:32:42','41','执行成功！'),(370,NULL,'qaz','客户管理','查询','192.168.199.109','2017-12-01 13:32:44','19','执行成功！'),(371,NULL,'qaz','客户管理','查询','192.168.199.109','2017-12-01 13:32:46','8','执行成功！'),(372,NULL,'qaz','客户管理','查询','192.168.199.109','2017-12-01 13:32:49','19','执行成功！'),(373,NULL,'qaz','客户管理','查询','192.168.199.109','2017-12-01 13:32:50','19','执行成功！'),(374,NULL,'qaz','供应商管理','查询','192.168.199.109','2017-12-01 13:32:54','12','执行成功！'),(375,23,'qaz','供应商管理','修改','192.168.199.109','2017-12-01 13:33:01','38','执行成功！'),(376,NULL,'qaz','供应商管理','查询','192.168.199.109','2017-12-01 13:33:03','13','执行成功！'),(377,NULL,'qaz','供应商管理','查询','192.168.199.109','2017-12-01 13:33:06','4','执行成功！'),(378,NULL,'qaz','供应商管理','查询','192.168.199.109','2017-12-01 13:33:09','12','执行成功！'),(379,NULL,'qaz','供应商管理','查询','192.168.199.109','2017-12-01 13:33:18','15','执行成功！'),(380,23,'qaz','供应商管理','修改','192.168.199.109','2017-12-01 13:33:24','88','执行成功！'),(381,NULL,'qaz','供应商管理','查询','192.168.199.109','2017-12-01 13:33:25','13','执行成功！'),(382,24,'qaz','供应商管理','修改','192.168.199.109','2017-12-01 13:33:32','43','执行成功！'),(383,NULL,'qaz','供应商管理','查询','192.168.199.109','2017-12-01 13:33:33','14','执行成功！'),(384,NULL,'qaz','供应商管理','查询','192.168.199.109','2017-12-01 13:33:36','3','执行成功！'),(385,NULL,'qaz','供应商管理','查询','192.168.199.109','2017-12-01 13:33:40','12','执行成功！'),(386,NULL,'qaz','客户管理','查询','192.168.199.109','2017-12-01 13:33:50','17','执行成功！'),(387,NULL,'qaz','供应商管理','查询','192.168.199.109','2017-12-01 13:33:55','14','执行成功！'),(388,NULL,'qaz','供应商管理','查询','192.168.199.109','2017-12-01 13:33:58','4','执行成功！'),(389,NULL,'qaz','供应商管理','查询','192.168.199.109','2017-12-01 13:34:04','14','执行成功！'),(390,NULL,'qaz','供应商管理','查询','192.168.199.109','2017-12-01 13:34:09','18','执行成功！'),(391,NULL,'qaz','供应商管理','查询','192.168.199.109','2017-12-01 13:34:10','13','执行成功！'),(392,NULL,'qaz','客户管理','查询','192.168.199.109','2017-12-01 13:34:17','22','执行成功！'),(393,NULL,'qaz','客户管理','查询','192.168.199.109','2017-12-01 13:34:18','19','执行成功！'),(394,NULL,'qaz','客户管理','查询','192.168.199.109','2017-12-01 13:34:19','15','执行成功！'),(395,NULL,'qaz','客户管理','查询','192.168.199.109','2017-12-01 13:34:21','19','执行成功！'),(396,NULL,'qaz','客户管理','查询','192.168.199.109','2017-12-01 13:34:22','16','执行成功！'),(397,NULL,'qaz','客户管理','查询','192.168.199.109','2017-12-01 13:34:22','17','执行成功！'),(398,NULL,'qaz','客户管理','查询','192.168.199.109','2017-12-01 13:34:22','18','执行成功！'),(399,NULL,'qaz','客户管理','查询','192.168.199.109','2017-12-01 13:34:23','16','执行成功！'),(400,NULL,'qaz','客户管理','查询','192.168.199.109','2017-12-01 13:34:23','17','执行成功！'),(401,NULL,'qaz','供应商管理','查询','192.168.199.109','2017-12-01 13:34:25','12','执行成功！'),(402,NULL,'qaz','供应商管理','查询','192.168.199.109','2017-12-01 13:34:28','13','执行成功！'),(403,NULL,'qaz','客户管理','查询','192.168.199.109','2017-12-01 13:34:31','20','执行成功！'),(404,NULL,'qaz','客户管理','查询','192.168.199.109','2017-12-01 13:34:32','16','执行成功！'),(405,NULL,'qaz','客户管理','查询','192.168.199.109','2017-12-01 13:34:37','23','执行成功！'),(406,16,'qaz','客户管理','修改','192.168.199.109','2017-12-01 13:34:42','85','执行成功！'),(407,NULL,'qaz','客户管理','查询','192.168.199.109','2017-12-01 13:34:44','22','执行成功！'),(408,NULL,'qaz','客户管理','查询','192.168.199.109','2017-12-01 13:34:45','4','执行成功！'),(409,NULL,'qaz','客户管理','查询','192.168.199.109','2017-12-01 13:34:50','18','执行成功！'),(410,NULL,'qaz','客户管理','查询','192.168.199.109','2017-12-01 13:34:54','17','执行成功！'),(411,NULL,'qaz','客户管理','查询','192.168.199.109','2017-12-01 13:35:04','22','执行成功！'),(412,NULL,'qaz','客户管理','查询','192.168.199.109','2017-12-01 13:35:06','16','执行成功！'),(413,NULL,'qaz','客户管理','查询','192.168.199.109','2017-12-01 13:35:08','15','执行成功！'),(414,NULL,'null','用户管理','退出登录','192.168.199.109','2017-12-01 13:35:09','0','执行成功！'),(415,NULL,'qaz','用户管理','登陆','192.168.199.109','2017-12-01 13:35:10','2','执行成功！'),(416,NULL,'qaz','客户管理','查询','192.168.199.109','2017-12-01 13:35:11','16','执行成功！'),(417,NULL,'qaz','客户管理','查询','192.168.199.109','2017-12-01 13:35:12','15','执行成功！'),(418,NULL,'qaz','客户管理','查询','192.168.199.109','2017-12-01 13:35:20','3','执行成功！'),(419,16,'qaz','客户管理','修改','192.168.199.109','2017-12-01 13:35:27','54','执行成功！'),(420,16,'qaz','客户管理','修改','192.168.199.109','2017-12-01 13:35:27','102','执行成功！'),(421,NULL,'qaz','客户管理','查询','192.168.199.109','2017-12-01 13:35:32','17','执行成功！'),(422,NULL,'qaz','客户管理','查询','192.168.199.109','2017-12-01 13:35:33','4','执行成功！'),(423,NULL,'qaz','客户管理','查询','192.168.199.109','2017-12-01 13:35:52','18','执行成功！'),(424,NULL,'qaz','供应商管理','查询','192.168.199.109','2017-12-01 13:35:56','13','执行成功！'),(425,21,'qaz','供应商管理','修改','192.168.199.109','2017-12-01 13:36:11','44','执行成功！'),(426,NULL,'qaz','供应商管理','查询','192.168.199.109','2017-12-01 13:36:13','15','执行成功！'),(427,NULL,'qaz','供应商管理','查询','192.168.199.109','2017-12-01 13:36:14','4','执行成功！'),(428,NULL,'qaz','供应商管理','查询','192.168.199.109','2017-12-01 13:36:20','14','执行成功！'),(429,NULL,'qaz','供应商管理','查询','192.168.199.109','2017-12-01 13:36:33','15','执行成功！'),(430,NULL,'qaz','客户管理','查询','192.168.199.109','2017-12-01 13:36:37','16','执行成功！'),(431,NULL,'qaz','客户管理','查询','192.168.199.109','2017-12-01 13:36:40','17','执行成功！'),(432,NULL,'qaz','客户管理','查询','192.168.199.109','2017-12-01 13:36:42','19','执行成功！'),(433,NULL,'qaz','客户管理','查询','192.168.199.109','2017-12-01 13:36:43','18','执行成功！'),(434,NULL,'qaz','客户管理','查询','192.168.199.109','2017-12-01 13:36:49','17','执行成功！'),(435,NULL,'qaz','客户管理','查询','192.168.199.109','2017-12-01 13:40:14','16','执行成功！'),(436,NULL,'qaz','客户管理','查询','192.168.199.109','2017-12-01 13:40:25','17','执行成功！'),(437,NULL,'qaz','客户管理','查询','192.168.199.109','2017-12-01 13:40:29','16','执行成功！'),(438,NULL,'qaz','客户管理','查询','192.168.199.109','2017-12-01 13:40:30','17','执行成功！'),(439,NULL,'qaz','供应商管理','查询','192.168.199.109','2017-12-01 13:40:33','12','执行成功！'),(440,NULL,'qaz','供应商管理','查询','192.168.199.109','2017-12-01 13:40:34','12','执行成功！'),(441,NULL,'qaz','供应商管理','查询','192.168.199.109','2017-12-01 13:41:30','13','执行成功！'),(442,NULL,'null','用户管理','退出登录','192.168.199.109','2017-12-01 13:42:39','0','执行成功！'),(443,NULL,'qaz','用户管理','登陆','192.168.199.109','2017-12-01 13:42:41','2','执行成功！'),(444,NULL,'qaz','客户管理','查询','192.168.199.109','2017-12-01 13:42:41','17','执行成功！'),(445,NULL,'qaz','客户管理','查询','192.168.199.109','2017-12-01 13:42:45','17','执行成功！'),(446,NULL,'qaz','客户管理','查询','192.168.199.109','2017-12-01 13:42:58','19','执行成功！'),(447,NULL,'qaz','客户管理','查询','192.168.199.109','2017-12-01 13:45:01','16','执行成功！'),(448,NULL,'qaz','客户管理','查询','192.168.199.109','2017-12-01 13:45:04','4','执行成功！'),(449,NULL,'qaz','客户管理','查询','192.168.199.109','2017-12-01 13:45:11','3','执行成功！'),(450,NULL,'qaz','客户管理','查询','192.168.199.109','2017-12-01 13:46:41','16','执行成功！'),(451,NULL,'qaz','客户管理','查询','192.168.199.109','2017-12-01 13:47:28','14','执行成功！'),(452,NULL,'qaz','客户管理','查询','192.168.199.109','2017-12-01 13:47:31','3','执行成功！'),(453,NULL,'qaz','客户管理','查询','192.168.199.109','2017-12-01 13:47:34','19','执行成功！'),(454,NULL,'qaz','客户管理','查询','192.168.199.109','2017-12-01 13:47:35','3','执行成功！'),(455,NULL,'qaz','客户管理','查询','192.168.199.109','2017-12-01 13:47:45','24','执行成功！'),(456,NULL,'qaz','客户管理','查询','192.168.199.109','2017-12-01 13:48:03','16','执行成功！'),(457,12,'qaz','客户管理','修改','192.168.199.109','2017-12-01 13:48:23','65','执行成功！'),(458,NULL,'qaz','客户管理','查询','192.168.199.109','2017-12-01 13:48:25','19','执行成功！'),(459,NULL,'qaz','客户管理','查询','192.168.199.109','2017-12-01 13:48:27','4','执行成功！'),(460,NULL,'qaz','客户管理','查询','192.168.199.109','2017-12-01 13:48:33','15','执行成功！'),(461,NULL,'qaz','客户管理','查询','192.168.199.109','2017-12-01 13:49:03','15','执行成功！'),(462,NULL,'qaz','客户管理','查询','192.168.199.109','2017-12-01 13:49:14','17','执行成功！'),(463,5,'qaz','客户管理','修改','192.168.199.109','2017-12-01 13:49:21','66','执行成功！'),(464,NULL,'qaz','客户管理','查询','192.168.199.109','2017-12-01 13:49:23','21','执行成功！'),(465,NULL,'qaz','客户管理','查询','192.168.199.109','2017-12-01 13:49:25','6','执行成功！'),(466,NULL,'qaz','客户管理','查询','192.168.199.109','2017-12-01 13:49:28','15','执行成功！'),(467,NULL,'qaz','客户管理','查询','192.168.199.109','2017-12-01 13:50:14','15','执行成功！'),(468,16,'qaz','客户管理','修改','192.168.199.109','2017-12-01 13:50:33','52','执行成功！'),(469,NULL,'qaz','客户管理','查询','192.168.199.109','2017-12-01 13:50:34','15','执行成功！'),(470,NULL,'qaz','客户管理','查询','192.168.199.109','2017-12-01 13:50:42','14','执行成功！'),(471,NULL,'qaz','供应商管理','查询','192.168.199.109','2017-12-01 13:50:47','11','执行成功！'),(472,21,'qaz','供应商管理','修改','192.168.199.109','2017-12-01 13:51:04','54','执行成功！'),(473,NULL,'qaz','供应商管理','查询','192.168.199.109','2017-12-01 13:51:06','14','执行成功！'),(474,NULL,'qaz','供应商管理','查询','192.168.199.109','2017-12-01 13:51:08','2','执行成功！'),(475,NULL,'qaz','供应商管理','查询','192.168.199.109','2017-12-01 13:51:11','12','执行成功！'),(476,NULL,'qaz','供应商管理','查询','192.168.199.109','2017-12-01 13:51:38','14','执行成功！'),(477,NULL,'qaz','供应商管理','查询','192.168.199.109','2017-12-01 13:55:56','12','执行成功！'),(478,NULL,'qaz','供应商管理','查询','192.168.199.109','2017-12-01 14:08:22','19','执行成功！'),(479,NULL,'qaz','供应商管理','查询','192.168.199.109','2017-12-01 14:08:38','15','执行成功！'),(480,NULL,'zxy','用户管理','登陆','192.168.199.109','2017-12-01 14:11:15','189','执行成功！'),(481,NULL,'zxy','客户管理','查询','192.168.199.109','2017-12-01 14:11:16','127','执行成功！'),(482,NULL,'zxy','客户管理','查询','192.168.199.109','2017-12-01 14:11:18','71','执行成功！'),(483,NULL,'zxy','供应商管理','查询','192.168.199.109','2017-12-01 14:11:23','34','执行成功！'),(484,NULL,'zxy','供应商管理','查询','192.168.199.109','2017-12-01 14:11:25','39','执行成功！'),(485,6,'zxy','供应商管理','修改','192.168.199.109','2017-12-01 14:11:36','61','执行成功！'),(486,NULL,'zxy','供应商管理','查询','192.168.199.109','2017-12-01 14:11:38','42','执行成功！'),(487,NULL,'zxy','供应商管理','查询','192.168.199.109','2017-12-01 14:11:39','8','执行成功！'),(488,NULL,'zxy','客户管理','查询','192.168.199.109','2017-12-01 14:11:49','44','执行成功！'),(489,NULL,'zxy','客户管理','查询','192.168.199.109','2017-12-01 14:11:57','42','执行成功！'),(490,NULL,'zxy','客户管理','查询','192.168.199.109','2017-12-01 14:11:58','38','执行成功！'),(491,NULL,'zxy','客户管理','查询','192.168.199.109','2017-12-01 14:12:01','31','执行成功！'),(492,NULL,'zxy','客户管理','查询','192.168.199.109','2017-12-01 14:12:10','34','执行成功！'),(493,NULL,'zxy','客户管理','查询','192.168.199.109','2017-12-01 14:12:13','30','执行成功！'),(494,NULL,'zxy','供应商管理','查询','192.168.199.109','2017-12-01 14:12:15','21','执行成功！'),(495,NULL,'zxy','供应商管理','查询','192.168.199.109','2017-12-01 14:12:18','5','执行成功！'),(496,NULL,'zxy','供应商管理','查询','192.168.199.109','2017-12-01 14:12:21','19','执行成功！'),(497,NULL,'zxy','供应商管理','查询','192.168.199.109','2017-12-01 14:12:24','17','执行成功！'),(498,23,'zxy','供应商管理','修改','192.168.199.109','2017-12-01 14:12:31','64','执行成功！'),(499,NULL,'zxy','供应商管理','查询','192.168.199.109','2017-12-01 14:12:33','18','执行成功！'),(500,NULL,'zxy','供应商管理','查询','192.168.199.109','2017-12-01 14:12:35','3','执行成功！'),(501,NULL,'zxy','供应商管理','查询','192.168.199.109','2017-12-01 14:12:39','17','执行成功！'),(502,NULL,'zxy','供应商管理','查询','192.168.199.109','2017-12-01 14:12:41','17','执行成功！'),(503,NULL,'zxy','供应商管理','查询','192.168.199.109','2017-12-01 14:12:43','16','执行成功！'),(504,NULL,'zxy','供应商管理','查询','192.168.199.109','2017-12-01 14:12:49','5','执行成功！'),(505,NULL,'zxy','供应商管理','查询','192.168.199.109','2017-12-01 14:12:56','17','执行成功！'),(506,NULL,'zxy','客户管理','查询','192.168.199.109','2017-12-01 14:12:58','22','执行成功！'),(507,1,'zxy','客户管理','修改','192.168.199.109','2017-12-01 14:13:10','50','执行成功！'),(508,NULL,'zxy','客户管理','查询','192.168.199.109','2017-12-01 14:13:11','22','执行成功！'),(509,NULL,'zxy','客户管理','查询','192.168.199.109','2017-12-01 14:13:13','6','执行成功！'),(510,1,'zxy','客户管理','修改','192.168.199.109','2017-12-01 14:13:22','46','执行成功！'),(511,NULL,'zxy','客户管理','查询','192.168.199.109','2017-12-01 14:13:23','23','执行成功！'),(512,NULL,'zxy','客户管理','查询','192.168.199.109','2017-12-01 14:13:25','10','执行成功！'),(513,NULL,'zxy','客户管理','查询','192.168.199.109','2017-12-01 14:13:29','21','执行成功！'),(514,NULL,'zxy','供应商管理','查询','192.168.199.109','2017-12-01 14:13:36','16','执行成功！'),(515,NULL,'zxy','供应商管理','查询','192.168.199.109','2017-12-01 14:13:38','15','执行成功！'),(516,NULL,'zxy','供应商管理','查询','192.168.199.109','2017-12-01 14:13:39','18','执行成功！'),(517,NULL,'zxy','客户管理','查询','192.168.199.109','2017-12-01 14:13:44','20','执行成功！'),(518,17,'zxy','客户管理','修改','192.168.199.109','2017-12-01 14:13:49','42','执行成功！'),(519,NULL,'zxy','客户管理','查询','192.168.199.109','2017-12-01 14:13:51','20','执行成功！'),(520,NULL,'zxy','客户管理','查询','192.168.199.109','2017-12-01 14:13:53','3','执行成功！'),(521,NULL,'zxy','客户管理','查询','192.168.199.109','2017-12-01 14:13:56','21','执行成功！'),(522,NULL,'zxy','客户管理','查询','192.168.199.109','2017-12-01 14:14:02','19','执行成功！'),(523,18,'zxy','客户管理','修改','192.168.199.109','2017-12-01 14:14:08','61','执行成功！'),(524,NULL,'zxy','客户管理','查询','192.168.199.109','2017-12-01 14:14:09','21','执行成功！'),(525,NULL,'zxy','客户管理','查询','192.168.199.109','2017-12-01 14:14:12','3','执行成功！'),(526,NULL,'zxy','客户管理','查询','192.168.199.109','2017-12-01 14:14:16','20','执行成功！'),(527,NULL,'zxy','供应商管理','查询','192.168.199.109','2017-12-01 14:14:19','15','执行成功！'),(528,10,'zxy','供应商管理','修改','192.168.199.109','2017-12-01 14:14:25','119','执行成功！'),(529,NULL,'zxy','供应商管理','查询','192.168.199.109','2017-12-01 14:14:27','15','执行成功！'),(530,NULL,'zxy','供应商管理','查询','192.168.199.109','2017-12-01 14:14:28','4','执行成功！'),(531,NULL,'zxy','供应商管理','查询','192.168.199.109','2017-12-01 14:14:33','16','执行成功！'),(532,NULL,'zxy','供应商管理','查询','192.168.199.109','2017-12-01 14:14:40','14','执行成功！'),(533,NULL,'zxy','供应商管理','查询','192.168.199.109','2017-12-01 14:14:45','3','执行成功！'),(534,NULL,'zxy','供应商管理','查询','192.168.199.109','2017-12-01 14:14:49','17','执行成功！'),(535,24,'zxy','供应商管理','修改','192.168.199.109','2017-12-01 14:14:56','50','执行成功！'),(536,NULL,'zxy','供应商管理','查询','192.168.199.109','2017-12-01 14:14:58','15','执行成功！'),(537,NULL,'zxy','供应商管理','查询','192.168.199.109','2017-12-01 14:15:00','4','执行成功！'),(538,NULL,'zxy','供应商管理','查询','192.168.199.109','2017-12-01 14:15:05','16','执行成功！'),(539,NULL,'zxy','客户管理','查询','192.168.199.109','2017-12-01 14:15:16','20','执行成功！'),(540,NULL,'zxy','用户管理','登陆','192.168.199.110','2017-12-01 14:16:09','3','执行成功！'),(541,NULL,'zxy','客户管理','查询','192.168.199.110','2017-12-01 14:16:09','17','执行成功！'),(542,NULL,'zxy','客户管理','查询','192.168.199.110','2017-12-01 14:16:23','17','执行成功！'),(543,NULL,'zxy','供应商管理','查询','192.168.199.110','2017-12-01 14:16:27','15','执行成功！'),(544,NULL,'zxy','供应商管理','查询','192.168.199.110','2017-12-01 14:16:29','13','执行成功！'),(545,NULL,'zxy','客户管理','查询','192.168.199.109','2017-12-01 14:18:58','20','执行成功！'),(546,NULL,'zxy','客户管理','删除','192.168.199.109','2017-12-01 14:19:13','50','执行成功！'),(547,NULL,'zxy','客户管理','查询','192.168.199.109','2017-12-01 14:19:14','19','执行成功！'),(548,NULL,'zxy','客户管理','查询','192.168.199.109','2017-12-01 14:19:27','18','执行成功！'),(549,NULL,'zxy','客户管理','删除','192.168.199.109','2017-12-01 14:19:33','45','执行成功！'),(550,NULL,'zxy','客户管理','查询','192.168.199.109','2017-12-01 14:19:35','20','执行成功！'),(551,NULL,'zxy','供应商管理','查询','192.168.199.110','2017-12-01 14:20:07','24','执行成功！'),(552,NULL,'null','用户管理','登陆','192.168.199.112','2017-12-01 14:21:30','4','执行成功！'),(553,NULL,'zxy','用户管理','登陆','192.168.199.113','2017-12-01 14:21:40','4','执行成功！'),(554,NULL,'zxy','客户管理','查询','192.168.199.113','2017-12-01 14:21:41','14','执行成功！'),(555,NULL,'zxy','用户管理','登陆','192.168.199.112','2017-12-01 14:21:49','1','执行成功！'),(556,NULL,'zxy','客户管理','查询','192.168.199.112','2017-12-01 14:21:50','19','执行成功！'),(557,NULL,'zxy','客户管理','查询','192.168.199.113','2017-12-01 14:22:13','43','执行成功！'),(558,NULL,'zxy','供应商管理','查询','192.168.199.110','2017-12-01 14:22:17','21','执行成功！'),(559,NULL,'zxy','供应商管理','查询','192.168.199.110','2017-12-01 14:22:19','35','执行成功！'),(560,NULL,'zxy','供应商管理','查询','192.168.199.110','2017-12-01 14:22:21','14','执行成功！'),(561,NULL,'zxy','供应商管理','查询','192.168.199.110','2017-12-01 14:22:22','41','执行成功！'),(562,NULL,'zxy','供应商管理','查询','192.168.199.110','2017-12-01 14:22:23','34','执行成功！'),(563,NULL,'zxy','客户管理','查询','192.168.199.110','2017-12-01 14:22:31','22','执行成功！'),(564,NULL,'zxy','客户管理','查询','192.168.199.110','2017-12-01 14:22:34','26','执行成功！'),(565,NULL,'zxy','客户管理','查询','192.168.199.110','2017-12-01 14:22:34','22','执行成功！'),(566,NULL,'zxy','客户管理','查询','192.168.199.110','2017-12-01 14:22:35','13','执行成功！'),(567,NULL,'zxy','客户管理','查询','192.168.199.110','2017-12-01 14:22:35','14','执行成功！'),(568,NULL,'zxy','客户管理','查询','192.168.199.110','2017-12-01 14:22:35','14','执行成功！'),(569,NULL,'zxy','客户管理','查询','192.168.199.110','2017-12-01 14:22:35','13','执行成功！'),(570,NULL,'zxy','客户管理','查询','192.168.199.110','2017-12-01 14:22:36','14','执行成功！'),(571,NULL,'zxy','客户管理','查询','192.168.199.110','2017-12-01 14:22:36','14','执行成功！'),(572,NULL,'zxy','客户管理','查询','192.168.199.110','2017-12-01 14:22:36','21','执行成功！'),(573,NULL,'zxy','客户管理','查询','192.168.199.110','2017-12-01 14:22:37','13','执行成功！'),(574,NULL,'zxy','客户管理','查询','192.168.199.110','2017-12-01 14:22:37','14','执行成功！'),(575,NULL,'zxy','客户管理','查询','192.168.199.110','2017-12-01 14:22:41','42','执行成功！'),(576,NULL,'zxy','客户管理','查询','192.168.199.110','2017-12-01 14:22:42','14','执行成功！'),(577,NULL,'zxy','客户管理','查询','192.168.199.110','2017-12-01 14:22:44','13','执行成功！'),(578,NULL,'zxy','客户管理','查询','192.168.199.110','2017-12-01 14:22:51','34','执行成功！'),(579,NULL,'zxy','客户管理','查询','192.168.199.110','2017-12-01 14:23:17','37','执行成功！'),(580,NULL,'zxy','客户管理','查询','192.168.199.110','2017-12-01 14:23:21','43','执行成功！'),(581,NULL,'zxy','客户管理','查询','192.168.199.110','2017-12-01 14:23:24','14','执行成功！'),(582,NULL,'zxy','客户管理','查询','192.168.199.110','2017-12-01 14:23:33','31','执行成功！'),(583,NULL,'zxy','客户管理','查询','192.168.199.110','2017-12-01 14:23:35','15','执行成功！'),(584,NULL,'zxy','客户管理','查询','192.168.199.110','2017-12-01 14:23:40','14','执行成功！'),(585,NULL,'zxy','客户管理','查询','192.168.199.110','2017-12-01 14:23:41','13','执行成功！'),(586,NULL,'zxy','客户管理','查询','192.168.199.110','2017-12-01 14:23:41','13','执行成功！'),(587,NULL,'zxy','客户管理','查询','192.168.199.110','2017-12-01 14:23:42','13','执行成功！'),(588,NULL,'zxy','客户管理','删除','192.168.199.110','2017-12-01 14:23:54','64','执行成功！'),(589,NULL,'zxy','客户管理','删除','192.168.199.110','2017-12-01 14:23:54','112','执行成功！'),(590,NULL,'zxy','客户管理','查询','192.168.199.110','2017-12-01 14:23:57','14','执行成功！'),(591,NULL,'zxy','客户管理','查询','192.168.199.110','2017-12-01 14:23:59','33','执行成功！'),(592,NULL,'zxy','客户管理','删除','192.168.199.110','2017-12-01 14:24:05','56','执行成功！'),(593,NULL,'zxy','客户管理','查询','192.168.199.110','2017-12-01 14:24:06','11','执行成功！'),(594,NULL,'zxy','客户管理','查询','192.168.199.110','2017-12-01 14:24:08','39','执行成功！'),(595,NULL,'zxy','客户管理','删除','192.168.199.110','2017-12-01 14:24:11','60','执行成功！'),(596,NULL,'zxy','客户管理','查询','192.168.199.110','2017-12-01 14:24:12','11','执行成功！'),(597,NULL,'zxy','客户管理','删除','192.168.199.110','2017-12-01 14:24:15','52','执行成功！'),(598,NULL,'zxy','客户管理','查询','192.168.199.110','2017-12-01 14:24:16','12','执行成功！'),(599,NULL,'zxy','客户管理','查询','192.168.199.110','2017-12-01 14:24:17','16','执行成功！'),(600,NULL,'zxy','客户管理','查询','192.168.199.110','2017-12-01 14:24:18','26','执行成功！'),(601,NULL,'zxy','客户管理','删除','192.168.199.110','2017-12-01 14:24:20','56','执行成功！'),(602,NULL,'zxy','客户管理','查询','192.168.199.110','2017-12-01 14:24:22','8','执行成功！'),(603,NULL,'zxy','客户管理','删除','192.168.199.110','2017-12-01 14:24:25','41','执行成功！'),(604,NULL,'zxy','客户管理','查询','192.168.199.110','2017-12-01 14:24:26','8','执行成功！'),(605,NULL,'zxy','客户管理','查询','192.168.199.110','2017-12-01 14:24:27','14','执行成功！'),(606,NULL,'zxy','客户管理','查询','192.168.199.110','2017-12-01 14:24:35','15','执行成功！'),(607,NULL,'zxy','供应商管理','查询','192.168.199.110','2017-12-01 14:24:37','29','执行成功！'),(608,NULL,'zxy','供应商管理','查询','192.168.199.110','2017-12-01 14:24:39','12','执行成功！'),(609,NULL,'zxy','供应商管理','查询','192.168.199.110','2017-12-01 14:24:40','37','执行成功！'),(610,NULL,'zxy','供应商管理','查询','192.168.199.110','2017-12-01 14:24:40','15','执行成功！'),(611,NULL,'zxy','供应商管理','查询','192.168.199.110','2017-12-01 14:24:42','32','执行成功！'),(612,NULL,'zxy','供应商管理','查询','192.168.199.110','2017-12-01 14:24:51','37','执行成功！'),(613,NULL,'zxy','供应商管理','删除','192.168.199.110','2017-12-01 14:24:54','56','执行成功！'),(614,NULL,'zxy','供应商管理','查询','192.168.199.110','2017-12-01 14:24:56','12','执行成功！'),(615,NULL,'zxy','供应商管理','删除','192.168.199.110','2017-12-01 14:24:59','70','执行成功！'),(616,NULL,'zxy','供应商管理','查询','192.168.199.110','2017-12-01 14:25:00','11','执行成功！'),(617,NULL,'zxy','供应商管理','查询','192.168.199.110','2017-12-01 14:25:00','16','执行成功！'),(618,NULL,'zxy','供应商管理','查询','192.168.199.110','2017-12-01 14:25:01','18','执行成功！'),(619,NULL,'zxy','供应商管理','查询','192.168.199.110','2017-12-01 14:25:03','32','执行成功！'),(620,NULL,'zxy','供应商管理','查询','192.168.199.110','2017-12-01 14:25:04','11','执行成功！'),(621,NULL,'zxy','供应商管理','查询','192.168.199.110','2017-12-01 14:25:05','18','执行成功！'),(622,NULL,'zxy','供应商管理','查询','192.168.199.110','2017-12-01 14:25:11','16','执行成功！'),(623,NULL,'zxy','供应商管理','查询','192.168.199.110','2017-12-01 14:25:14','12','执行成功！'),(624,NULL,'zxy','供应商管理','查询','192.168.199.110','2017-12-01 14:25:14','11','执行成功！'),(625,NULL,'zxy','供应商管理','删除','192.168.199.110','2017-12-01 14:25:17','53','执行成功！'),(626,NULL,'zxy','供应商管理','查询','192.168.199.110','2017-12-01 14:25:18','10','执行成功！'),(627,NULL,'zxy','供应商管理','删除','192.168.199.110','2017-12-01 14:25:21','68','执行成功！'),(628,NULL,'zxy','供应商管理','查询','192.168.199.110','2017-12-01 14:25:22','8','执行成功！'),(629,NULL,'zxy','供应商管理','删除','192.168.199.110','2017-12-01 14:25:24','57','执行成功！'),(630,NULL,'zxy','供应商管理','查询','192.168.199.110','2017-12-01 14:25:25','8','执行成功！'),(631,NULL,'zxy','供应商管理','删除','192.168.199.110','2017-12-01 14:25:28','51','执行成功！'),(632,NULL,'zxy','供应商管理','查询','192.168.199.110','2017-12-01 14:25:29','8','执行成功！'),(633,NULL,'zxy','供应商管理','删除','192.168.199.110','2017-12-01 14:25:31','67','执行成功！'),(634,NULL,'zxy','供应商管理','查询','192.168.199.110','2017-12-01 14:25:32','7','执行成功！'),(635,NULL,'zxy','供应商管理','删除','192.168.199.110','2017-12-01 14:25:33','89','执行成功！'),(636,NULL,'zxy','供应商管理','查询','192.168.199.110','2017-12-01 14:25:34','5','执行成功！'),(637,NULL,'zxy','供应商管理','删除','192.168.199.110','2017-12-01 14:25:37','47','执行成功！'),(638,NULL,'zxy','供应商管理','查询','192.168.199.110','2017-12-01 14:25:38','4','执行成功！'),(639,NULL,'zxy','客户管理','添加','192.168.199.112','2017-12-01 14:25:54','61','执行成功！'),(640,NULL,'zxy','客户管理','查询','192.168.199.112','2017-12-01 14:25:57','11','执行成功！'),(641,NULL,'zxy','客户管理','查询','192.168.199.113','2017-12-01 14:26:09','14','执行成功！'),(642,8,'zxy','供应商管理','修改','192.168.199.110','2017-12-01 14:26:59','58','执行成功！'),(643,NULL,'zxy','供应商管理','查询','192.168.199.110','2017-12-01 14:27:01','5','执行成功！'),(644,NULL,'zxy','供应商管理','查询','192.168.199.110','2017-12-01 14:27:04','8','执行成功！'),(645,NULL,'zxy','客户管理','查询','192.168.199.110','2017-12-01 14:27:20','27','执行成功！'),(646,NULL,'zxy','客户管理','添加','192.168.199.112','2017-12-01 14:28:37','82','执行成功！'),(647,NULL,'zxy','客户管理','查询','192.168.199.112','2017-12-01 14:28:39','8','执行成功！'),(648,NULL,'null','用户管理','登陆','192.168.199.111','2017-12-01 14:29:02','4','执行成功！'),(649,NULL,'zxy','供应商管理','查询','192.168.199.110','2017-12-01 14:29:26','7','执行成功！'),(650,NULL,'123','用户管理','登陆','192.168.199.111','2017-12-01 14:29:41','2','执行成功！'),(651,NULL,'123','客户管理','查询','192.168.199.111','2017-12-01 14:29:42','9','执行成功！'),(652,NULL,'123','客户管理','查询','192.168.199.111','2017-12-01 14:30:15','10','执行成功！'),(653,NULL,'123','客户管理','查询','192.168.199.111','2017-12-01 14:30:18','9','执行成功！'),(654,NULL,'123','供应商管理','查询','192.168.199.111','2017-12-01 14:30:22','9','执行成功！'),(655,NULL,'zxy','供应商管理','添加','192.168.199.110','2017-12-01 14:30:27','75','执行成功！'),(656,NULL,'zxy','供应商管理','查询','192.168.199.110','2017-12-01 14:30:28','6','执行成功！'),(657,NULL,'zxy','供应商管理','查询','192.168.199.110','2017-12-01 14:30:35','10','执行成功！'),(658,NULL,'zxy','供应商管理','查询','192.168.199.110','2017-12-01 14:30:36','7','执行成功！'),(659,NULL,'zxy','供应商管理','查询','192.168.199.110','2017-12-01 14:30:43','4','执行成功！'),(660,8,'zxy','供应商管理','修改','192.168.199.110','2017-12-01 14:30:53','87','执行成功！'),(661,NULL,'zxy','供应商管理','查询','192.168.199.110','2017-12-01 14:30:54','6','执行成功！'),(662,NULL,'zxy','客户管理','查询','192.168.199.110','2017-12-01 14:31:07','27','执行成功！'),(663,NULL,'zxy','客户管理','查询','192.168.199.110','2017-12-01 14:31:08','9','执行成功！'),(664,NULL,'zxy','客户管理','查询','192.168.199.110','2017-12-01 14:31:09','8','执行成功！'),(665,NULL,'zxy','客户管理','添加','192.168.199.112','2017-12-01 14:31:13','67','执行成功！'),(666,NULL,'zxy','客户管理','查询','192.168.199.112','2017-12-01 14:31:15','16','执行成功！'),(667,NULL,'zxy','客户管理','查询','192.168.199.112','2017-12-01 14:31:22','9','执行成功！'),(668,NULL,'zxy','供应商管理','查询','192.168.199.110','2017-12-01 14:31:39','6','执行成功！'),(669,NULL,'zxy','供应商管理','查询','192.168.199.110','2017-12-01 14:31:40','6','执行成功！'),(670,NULL,'zxy','客户管理','添加','192.168.199.113','2017-12-01 14:31:48','52','执行成功！'),(671,NULL,'zxy','客户管理','查询','192.168.199.113','2017-12-01 14:31:50','11','执行成功！'),(672,NULL,'zxy','客户管理','查询','192.168.199.113','2017-12-01 14:31:54','12','执行成功！'),(673,NULL,'zxy','客户管理','删除','192.168.199.113','2017-12-01 14:31:58','64','执行成功！'),(674,NULL,'zxy','客户管理','查询','192.168.199.113','2017-12-01 14:31:59','15','执行成功！'),(675,NULL,'zxy','客户管理','删除','192.168.199.113','2017-12-01 14:32:01','72','执行成功！'),(676,NULL,'zxy','客户管理','查询','192.168.199.113','2017-12-01 14:32:01','10','执行成功！'),(677,NULL,'zxy','客户管理','删除','192.168.199.113','2017-12-01 14:32:05','82','执行成功！'),(678,NULL,'zxy','客户管理','查询','192.168.199.113','2017-12-01 14:32:06','6','执行成功！'),(679,NULL,'zxy','客户管理','删除','192.168.199.113','2017-12-01 14:32:08','123','执行成功！'),(680,NULL,'zxy','客户管理','查询','192.168.199.113','2017-12-01 14:32:09','6','执行成功！'),(681,NULL,'zxy','客户管理','查询','192.168.199.113','2017-12-01 14:32:10','5','执行成功！'),(682,NULL,'zxy','供应商管理','添加','192.168.199.110','2017-12-01 14:34:03','57','执行成功！'),(683,NULL,'zxy','供应商管理','查询','192.168.199.110','2017-12-01 14:34:05','6','执行成功！'),(684,NULL,'zxy','供应商管理','查询','192.168.199.110','2017-12-01 14:34:06','6','执行成功！'),(685,NULL,'zxy','供应商管理','查询','192.168.199.110','2017-12-01 14:34:06','13','执行成功！'),(686,NULL,'zxy','供应商管理','查询','192.168.199.110','2017-12-01 14:34:07','7','执行成功！'),(687,NULL,'zxy','供应商管理','查询','192.168.199.110','2017-12-01 14:34:07','6','执行成功！'),(688,NULL,'zxy','供应商管理','查询','192.168.199.110','2017-12-01 14:34:07','7','执行成功！'),(689,NULL,'zxy','客户管理','添加','192.168.199.112','2017-12-01 14:34:18','5','执行失败'),(690,NULL,'zxy','客户管理','添加','192.168.199.112','2017-12-01 14:34:20','1','执行失败'),(691,NULL,'zxy','客户管理','添加','192.168.199.112','2017-12-01 14:34:22','3','执行失败'),(692,NULL,'zxy','客户管理','查询','192.168.199.110','2017-12-01 14:34:27','7','执行成功！'),(693,NULL,'zxy','客户管理','查询','192.168.199.110','2017-12-01 14:34:29','8','执行成功！'),(694,NULL,'zxy','客户管理','查询','192.168.199.110','2017-12-01 14:34:31','5','执行成功！'),(695,NULL,'zxy','客户管理','查询','192.168.199.110','2017-12-01 14:34:32','10','执行成功！'),(696,NULL,'zxy','客户管理','查询','192.168.199.110','2017-12-01 14:34:34','6','执行成功！'),(697,NULL,'zxy','供应商管理','查询','192.168.199.110','2017-12-01 14:34:35','12','执行成功！'),(698,NULL,'zxy','供应商管理','查询','192.168.199.110','2017-12-01 14:34:35','7','执行成功！'),(699,NULL,'zxy','供应商管理','查询','192.168.199.110','2017-12-01 14:34:36','6','执行成功！'),(700,NULL,'zxy','供应商管理','查询','192.168.199.110','2017-12-01 14:34:37','6','执行成功！'),(701,NULL,'zxy','供应商管理','查询','192.168.199.110','2017-12-01 14:34:44','7','执行成功！'),(702,NULL,'zxy','客户管理','添加','192.168.199.112','2017-12-01 14:34:47','3','执行失败'),(703,NULL,'zxy','客户管理','添加','192.168.199.112','2017-12-01 14:34:48','2','执行失败'),(704,NULL,'zxy','客户管理','添加','192.168.199.112','2017-12-01 14:34:48','2','执行失败'),(705,NULL,'zxy','客户管理','添加','192.168.199.112','2017-12-01 14:34:48','2','执行失败'),(706,NULL,'zxy','客户管理','添加','192.168.199.112','2017-12-01 14:34:48','2','执行失败'),(707,NULL,'zxy','客户管理','添加','192.168.199.112','2017-12-01 14:34:48','3','执行失败'),(708,NULL,'zxy','客户管理','添加','192.168.199.112','2017-12-01 14:34:49','2','执行失败'),(709,NULL,'zxy','客户管理','添加','192.168.199.112','2017-12-01 14:34:49','2','执行失败'),(710,NULL,'zxy','客户管理','添加','192.168.199.112','2017-12-01 14:34:49','2','执行失败'),(711,NULL,'zxy','客户管理','添加','192.168.199.112','2017-12-01 14:34:49','1','执行失败'),(712,NULL,'zxy','客户管理','添加','192.168.199.112','2017-12-01 14:34:49','2','执行失败'),(713,NULL,'zxy','供应商管理','查询','192.168.199.110','2017-12-01 14:34:52','4','执行成功！'),(714,NULL,'zxy','客户管理','查询','192.168.199.112','2017-12-01 14:34:54','5','执行成功！'),(715,NULL,'zxy','客户管理','添加','192.168.199.113','2017-12-01 14:35:03','58','执行成功！'),(716,NULL,'zxy','客户管理','查询','192.168.199.113','2017-12-01 14:35:04','11','执行成功！'),(717,NULL,'zxy','客户管理','查询','192.168.199.113','2017-12-01 14:35:11','6','执行成功！'),(718,NULL,'123','供应商管理','添加','192.168.199.111','2017-12-01 14:35:36','85','执行成功！'),(719,NULL,'123','供应商管理','查询','192.168.199.111','2017-12-01 14:35:38','10','执行成功！'),(720,6,'zxy','供应商管理','修改','192.168.199.110','2017-12-01 14:35:56','70','执行成功！'),(721,NULL,'123','客户管理','查询','192.168.199.111','2017-12-01 14:35:57','6','执行成功！'),(722,NULL,'zxy','供应商管理','查询','192.168.199.110','2017-12-01 14:35:58','8','执行成功！'),(723,NULL,'123','供应商管理','查询','192.168.199.111','2017-12-01 14:36:06','10','执行成功！'),(724,NULL,'zxy','客户管理','添加','192.168.199.112','2017-12-01 14:36:34','45','执行成功！'),(725,NULL,'zxy','客户管理','查询','192.168.199.112','2017-12-01 14:36:37','7','执行成功！'),(726,NULL,'123','供应商管理','查询','192.168.199.111','2017-12-01 14:36:44','10','执行成功！'),(727,6,'zxy','供应商管理','修改','192.168.199.110','2017-12-01 14:36:50','66','执行成功！'),(728,NULL,'zxy','供应商管理','查询','192.168.199.110','2017-12-01 14:36:52','9','执行成功！'),(729,NULL,'123','客户管理','查询','192.168.199.111','2017-12-01 14:37:11','24','执行成功！'),(730,NULL,'zxy','供应商管理','查询','192.168.199.110','2017-12-01 14:37:12','28','执行成功！'),(731,NULL,'zxy','客户管理','查询','192.168.199.110','2017-12-01 14:37:23','20','执行成功！'),(732,NULL,'zxy','客户管理','查询','192.168.199.110','2017-12-01 14:37:27','19','执行成功！'),(733,NULL,'123','客户管理','查询','192.168.199.111','2017-12-01 14:37:54','25','执行成功！'),(734,NULL,'123','客户管理','查询','192.168.199.111','2017-12-01 14:37:57','21','执行成功！'),(735,NULL,'123','客户管理','查询','192.168.199.111','2017-12-01 14:37:59','10','执行成功！'),(736,NULL,'zxy','供应商管理','查询','192.168.199.110','2017-12-01 14:38:10','28','执行成功！'),(737,NULL,'zxy','供应商管理','查询','192.168.199.110','2017-12-01 14:38:12','8','执行成功！'),(738,NULL,'zxy','供应商管理','查询','192.168.199.110','2017-12-01 14:38:13','25','执行成功！'),(739,NULL,'123','客户管理','查询','192.168.199.111','2017-12-01 14:38:17','25','执行成功！'),(740,NULL,'zxy','客户管理','添加','192.168.199.113','2017-12-01 14:38:40','56','执行成功！'),(741,NULL,'zxy','客户管理','查询','192.168.199.113','2017-12-01 14:38:42','14','执行成功！'),(742,NULL,'zxy','客户管理','查询','192.168.199.113','2017-12-01 14:38:47','8','执行成功！'),(743,NULL,'zxy','客户管理','查询','192.168.199.113','2017-12-01 14:39:04','27','执行成功！'),(744,NULL,'123','客户管理','查询','192.168.199.111','2017-12-01 14:39:38','23','执行成功！'),(745,NULL,'zxy','客户管理','添加','192.168.199.112','2017-12-01 14:39:38','55','执行成功！'),(746,NULL,'zxy','客户管理','查询','192.168.199.112','2017-12-01 14:39:40','9','执行成功！'),(747,NULL,'123','供应商管理','查询','192.168.199.111','2017-12-01 14:39:42','18','执行成功！'),(748,NULL,'123','供应商管理','查询','192.168.199.111','2017-12-01 14:39:52','14','执行成功！'),(749,7,'zxy','供应商管理','修改','192.168.199.110','2017-12-01 14:40:55','64','执行成功！'),(750,NULL,'zxy','供应商管理','查询','192.168.199.110','2017-12-01 14:40:57','9','执行成功！'),(751,NULL,'zxy','供应商管理','查询','192.168.199.110','2017-12-01 14:41:03','20','执行成功！'),(752,NULL,'zxy','供应商管理','查询','192.168.199.110','2017-12-01 14:41:07','19','执行成功！'),(753,NULL,'zxy','客户管理','查询','192.168.199.110','2017-12-01 14:41:09','11','执行成功！'),(754,NULL,'zxy','供应商管理','查询','192.168.199.110','2017-12-01 14:41:17','8','执行成功！'),(755,NULL,'123','供应商管理','查询','192.168.199.111','2017-12-01 14:41:32','8','执行成功！'),(756,NULL,'123','客户管理','查询','192.168.199.111','2017-12-01 14:41:35','20','执行成功！'),(757,NULL,'zxy','客户管理','添加','192.168.199.113','2017-12-01 14:41:39','56','执行成功！'),(758,NULL,'zxy','客户管理','查询','192.168.199.113','2017-12-01 14:41:41','10','执行成功！'),(759,NULL,'zxy','客户管理','查询','192.168.199.113','2017-12-01 14:41:42','19','执行成功！'),(760,NULL,'zxy','供应商管理','查询','192.168.199.110','2017-12-01 14:42:09','8','执行成功！'),(761,NULL,'zxy','客户管理','查询','192.168.199.109','2017-12-01 14:43:00','11','执行成功！'),(762,NULL,'zxy','客户管理','查询','192.168.199.109','2017-12-01 14:43:02','11','执行成功！'),(763,NULL,'zxy','客户管理','查询','192.168.199.109','2017-12-01 14:43:06','12','执行成功！'),(764,NULL,'zxy','客户管理','添加','192.168.199.112','2017-12-01 14:43:10','74','执行成功！'),(765,NULL,'zxy','客户管理','查询','192.168.199.112','2017-12-01 14:43:12','11','执行成功！'),(766,NULL,'zxy','供应商管理','查询','192.168.199.109','2017-12-01 14:43:17','10','执行成功！'),(767,NULL,'zxy','供应商管理','查询','192.168.199.109','2017-12-01 14:43:19','10','执行成功！'),(768,NULL,'zxy','供应商管理','查询','192.168.199.109','2017-12-01 14:43:27','10','执行成功！'),(769,NULL,'123','客户管理','查询','192.168.199.111','2017-12-01 14:43:29','15','执行成功！'),(770,NULL,'123','供应商管理','查询','192.168.199.111','2017-12-01 14:43:35','14','执行成功！'),(771,NULL,'zxy','客户管理','查询','192.168.199.109','2017-12-01 14:43:41','12','执行成功！'),(772,NULL,'zxy','客户管理','查询','192.168.199.109','2017-12-01 14:43:43','12','执行成功！'),(773,NULL,'zxy','客户管理','查询','192.168.199.109','2017-12-01 14:43:44','12','执行成功！'),(774,NULL,'zxy','客户管理','查询','192.168.199.109','2017-12-01 14:43:46','12','执行成功！'),(775,NULL,'zxy','客户管理','添加','192.168.199.113','2017-12-01 14:44:24','46','执行成功！'),(776,NULL,'zxy','客户管理','查询','192.168.199.113','2017-12-01 14:44:25','19','执行成功！'),(777,NULL,'123','供应商管理','查询','192.168.199.111','2017-12-01 14:44:27','5','执行成功！'),(778,NULL,'zxy','客户管理','查询','192.168.199.113','2017-12-01 14:44:27','18','执行成功！'),(779,NULL,'123','供应商管理','查询','192.168.199.111','2017-12-01 14:44:36','13','执行成功！'),(780,NULL,'zxy','供应商管理','添加','192.168.199.110','2017-12-01 14:44:45','82','执行成功！'),(781,NULL,'zxy','供应商管理','查询','192.168.199.110','2017-12-01 14:44:46','10','执行成功！'),(782,33,'123','供应商管理','修改','192.168.199.111','2017-12-01 14:44:48','46','执行成功！'),(783,NULL,'123','供应商管理','查询','192.168.199.111','2017-12-01 14:44:50','9','执行成功！'),(784,NULL,'zxy','客户管理','查询','192.168.199.110','2017-12-01 14:44:50','16','执行成功！'),(785,NULL,'zxy','客户管理','查询','192.168.199.110','2017-12-01 14:44:59','12','执行成功！'),(786,NULL,'zxy','客户管理','查询','192.168.199.110','2017-12-01 14:45:18','38','执行成功！'),(787,NULL,'zxy','客户管理','添加','192.168.199.112','2017-12-01 14:45:21','82','执行成功！'),(788,NULL,'zxy','客户管理','查询','192.168.199.112','2017-12-01 14:45:23','13','执行成功！'),(789,NULL,'zxy','供应商管理','查询','192.168.199.110','2017-12-01 14:45:28','10','执行成功！'),(790,NULL,'zxy','供应商管理','查询','192.168.199.110','2017-12-01 14:45:29','27','执行成功！'),(791,NULL,'zxy','供应商管理','查询','192.168.199.110','2017-12-01 14:45:30','9','执行成功！'),(792,NULL,'zxy','供应商管理','查询','192.168.199.110','2017-12-01 14:45:31','27','执行成功！'),(793,NULL,'zxy','客户管理','查询','192.168.199.110','2017-12-01 14:45:38','15','执行成功！'),(794,NULL,'zxy','客户管理','查询','192.168.199.110','2017-12-01 14:45:43','30','执行成功！'),(795,30,'123','供应商管理','修改','192.168.199.111','2017-12-01 14:45:44','63','执行成功！'),(796,NULL,'123','供应商管理','查询','192.168.199.111','2017-12-01 14:45:46','30','执行成功！'),(797,NULL,'123','供应商管理','查询','192.168.199.111','2017-12-01 14:45:51','32','执行成功！'),(798,NULL,'123','供应商管理','查询','192.168.199.111','2017-12-01 14:45:53','33','执行成功！'),(799,28,'zxy','客户管理','修改','192.168.199.110','2017-12-01 14:45:55','94','执行成功！'),(800,NULL,'zxy','客户管理','查询','192.168.199.110','2017-12-01 14:45:56','15','执行成功！'),(801,NULL,'zxy','客户管理','查询','192.168.199.110','2017-12-01 14:45:58','24','执行成功！'),(802,NULL,'zxy','客户管理','查询','192.168.199.112','2017-12-01 14:45:59','39','执行成功！'),(803,NULL,'zxy','客户管理','添加','192.168.199.113','2017-12-01 14:46:02','75','执行成功！'),(804,NULL,'zxy','客户管理','查询','192.168.199.112','2017-12-01 14:46:03','15','执行成功！'),(805,NULL,'zxy','客户管理','查询','192.168.199.113','2017-12-01 14:46:03','16','执行成功！'),(806,NULL,'zxy','供应商管理','查询','192.168.199.110','2017-12-01 14:46:08','27','执行成功！'),(807,NULL,'zxy','供应商管理','查询','192.168.199.110','2017-12-01 14:46:10','14','执行成功！'),(808,NULL,'zxy','客户管理','查询','192.168.199.113','2017-12-01 14:46:10','14','执行成功！'),(809,NULL,'zxy','供应商管理','查询','192.168.199.110','2017-12-01 14:46:11','9','执行成功！'),(810,NULL,'zxy','客户管理','查询','192.168.199.113','2017-12-01 14:46:14','30','执行成功！'),(811,NULL,'zxy','供应商管理','查询','192.168.199.112','2017-12-01 14:46:15','27','执行成功！'),(812,NULL,'zxy','供应商管理','查询','192.168.199.113','2017-12-01 14:46:25','9','执行成功！'),(813,6,'zxy','供应商管理','修改','192.168.199.113','2017-12-01 14:46:44','78','执行成功！'),(814,NULL,'zxy','供应商管理','查询','192.168.199.113','2017-12-01 14:46:45','9','执行成功！'),(815,NULL,'zxy','供应商管理','查询','192.168.199.113','2017-12-01 14:46:52','23','执行成功！'),(816,NULL,'zxy','客户管理','查询','192.168.199.113','2017-12-01 14:47:00','14','执行成功！'),(817,NULL,'zxy','供应商管理','查询','192.168.199.113','2017-12-01 14:47:08','27','执行成功！'),(818,NULL,'zxy','供应商管理','查询','192.168.199.113','2017-12-01 14:47:25','10','执行成功！'),(819,NULL,'zxy','客户管理','查询','192.168.199.113','2017-12-01 14:47:26','14','执行成功！'),(820,NULL,'zxy','客户管理','查询','192.168.199.113','2017-12-01 14:47:33','4','执行成功！'),(821,NULL,'zxy','客户管理','查询','192.168.199.113','2017-12-01 14:47:36','5','执行成功！'),(822,NULL,'zxy','客户管理','查询','192.168.199.113','2017-12-01 14:47:36','5','执行成功！'),(823,NULL,'zxy','客户管理','查询','192.168.199.113','2017-12-01 14:47:36','2','执行成功！'),(824,NULL,'zxy','客户管理','查询','192.168.199.113','2017-12-01 14:47:37','6','执行成功！'),(825,NULL,'zxy','客户管理','查询','192.168.199.113','2017-12-01 14:47:38','2','执行成功！'),(826,NULL,'zxy','客户管理','查询','192.168.199.113','2017-12-01 14:47:41','54','执行成功！'),(827,NULL,'zxy','客户管理','查询','192.168.199.113','2017-12-01 14:47:42','50','执行成功！'),(828,NULL,'zxy','客户管理','查询','192.168.199.113','2017-12-01 14:47:51','5','执行成功！'),(829,NULL,'zxy','客户管理','查询','192.168.199.113','2017-12-01 14:47:53','47','执行成功！'),(830,NULL,'zxy','客户管理','查询','192.168.199.113','2017-12-01 14:47:54','16','执行成功！'),(831,NULL,'zxy','客户管理','查询','192.168.199.113','2017-12-01 14:47:56','20','执行成功！'),(832,NULL,'zxy','客户管理','查询','192.168.199.113','2017-12-01 14:48:00','15','执行成功！'),(833,NULL,'zxy','客户管理','查询','192.168.199.113','2017-12-01 14:48:03','21','执行成功！'),(834,NULL,'zxy','客户管理','查询','192.168.199.113','2017-12-01 14:48:05','23','执行成功！'),(835,NULL,'zxy','客户管理','查询','192.168.199.113','2017-12-01 14:48:06','45','执行成功！'),(836,NULL,'zxy','客户管理','查询','192.168.199.113','2017-12-01 14:48:07','15','执行成功！'),(837,NULL,'zxy','客户管理','查询','192.168.199.113','2017-12-01 14:48:09','15','执行成功！'),(838,NULL,'zxy','客户管理','查询','192.168.199.113','2017-12-01 14:48:15','15','执行成功！'),(839,NULL,'zxy','客户管理','查询','192.168.199.113','2017-12-01 14:48:15','15','执行成功！'),(840,28,'zxy','客户管理','修改','192.168.199.113','2017-12-01 14:48:21','81','执行成功！'),(841,NULL,'zxy','客户管理','查询','192.168.199.113','2017-12-01 14:48:22','17','执行成功！'),(842,NULL,'zxy','客户管理','查询','192.168.199.113','2017-12-01 14:48:23','23','执行成功！'),(843,NULL,'zxy','客户管理','查询','192.168.199.113','2017-12-01 14:48:25','23','执行成功！'),(844,NULL,'zxy','供应商管理','查询','192.168.199.113','2017-12-01 14:48:34','17','执行成功！'),(845,NULL,'zxy','供应商管理','添加','192.168.199.112','2017-12-01 14:48:43','99','执行成功！'),(846,NULL,'zxy','供应商管理','查询','192.168.199.112','2017-12-01 14:48:45','16','执行成功！'),(847,NULL,'zxy','供应商管理','查询','192.168.199.113','2017-12-01 14:48:57','37','执行成功！'),(848,45,'zxy','供应商管理','修改','192.168.199.113','2017-12-01 14:49:12','46','执行成功！'),(849,NULL,'zxy','供应商管理','查询','192.168.199.113','2017-12-01 14:49:13','20','执行成功！'),(850,NULL,'zxy','供应商管理','查询','192.168.199.113','2017-12-01 14:49:14','10','执行成功！'),(851,NULL,'zxy','供应商管理','查询','192.168.199.113','2017-12-01 14:49:15','15','执行成功！'),(852,NULL,'zxy','供应商管理','查询','192.168.199.113','2017-12-01 14:49:17','33','执行成功！'),(853,NULL,'zxy','供应商管理','查询','192.168.199.113','2017-12-01 14:49:27','37','执行成功！'),(854,NULL,'zxy','供应商管理','添加','192.168.199.110','2017-12-01 14:50:10','93','执行成功！'),(855,NULL,'zxy','供应商管理','查询','192.168.199.110','2017-12-01 14:50:12','12','执行成功！'),(856,NULL,'zxy','供应商管理','查询','192.168.199.113','2017-12-01 14:50:17','39','执行成功！'),(857,NULL,'zxy','供应商管理','查询','192.168.199.113','2017-12-01 14:50:17','13','执行成功！'),(858,NULL,'zxy','供应商管理','查询','192.168.199.113','2017-12-01 14:50:17','12','执行成功！'),(859,NULL,'zxy','供应商管理','查询','192.168.199.113','2017-12-01 14:50:17','12','执行成功！'),(860,NULL,'zxy','供应商管理','查询','192.168.199.110','2017-12-01 14:50:18','40','执行成功！'),(861,NULL,'zxy','客户管理','查询','192.168.199.110','2017-12-01 14:50:33','18','执行成功！'),(862,NULL,'zxy','客户管理','查询','192.168.199.110','2017-12-01 14:50:35','26','执行成功！'),(863,NULL,'zxy','客户管理','查询','192.168.199.110','2017-12-01 14:50:39','21','执行成功！'),(864,NULL,'zxy','供应商管理','添加','192.168.199.112','2017-12-01 14:51:01','86','执行成功！'),(865,NULL,'zxy','供应商管理','查询','192.168.199.112','2017-12-01 14:51:02','17','执行成功！'),(866,NULL,'zxy','供应商管理','添加','192.168.199.113','2017-12-01 14:51:09','65','执行成功！'),(867,NULL,'zxy','供应商管理','查询','192.168.199.113','2017-12-01 14:51:11','45','执行成功！'),(868,NULL,'zxy','供应商管理','查询','192.168.199.113','2017-12-01 14:51:12','18','执行成功！'),(869,NULL,'zxy','供应商管理','查询','192.168.199.113','2017-12-01 14:51:16','40','执行成功！'),(870,NULL,'zxy','供应商管理','查询','192.168.199.110','2017-12-01 14:51:17','43','执行成功！'),(871,NULL,'zxy','供应商管理','查询','192.168.199.110','2017-12-01 14:51:19','43','执行成功！'),(872,NULL,'zxy','供应商管理','查询','192.168.199.110','2017-12-01 14:51:20','25','执行成功！'),(873,NULL,'zxy','供应商管理','查询','192.168.199.110','2017-12-01 14:51:21','45','执行成功！'),(874,NULL,'zxy','客户管理','查询','192.168.199.113','2017-12-01 14:51:21','44','执行成功！'),(875,NULL,'zxy','供应商管理','查询','192.168.199.110','2017-12-01 14:51:22','15','执行成功！'),(876,NULL,'zxy','客户管理','查询','192.168.199.113','2017-12-01 14:51:23','25','执行成功！'),(877,NULL,'zxy','客户管理','查询','192.168.199.110','2017-12-01 14:51:24','50','执行成功！'),(878,NULL,'zxy','供应商管理','查询','192.168.199.110','2017-12-01 14:51:26','39','执行成功！'),(879,NULL,'zxy','客户管理','查询','192.168.199.113','2017-12-01 14:51:26','16','执行成功！'),(880,NULL,'zxy','客户管理','查询','192.168.199.113','2017-12-01 14:51:36','10','执行成功！'),(881,NULL,'zxy','供应商管理','查询','192.168.199.113','2017-12-01 14:52:28','45','执行成功！'),(882,NULL,'zxy','供应商管理','查询','192.168.199.113','2017-12-01 14:52:32','14','执行成功！'),(883,NULL,'zxy','供应商管理','查询','192.168.199.113','2017-12-01 14:52:43','23','执行成功！'),(884,NULL,'zxy','供应商管理','添加','192.168.199.112','2017-12-01 14:52:44','60','执行成功！'),(885,NULL,'zxy','供应商管理','查询','192.168.199.112','2017-12-01 14:52:46','23','执行成功！'),(886,NULL,'zxy','供应商管理','查询','192.168.199.113','2017-12-01 14:52:47','49','执行成功！'),(887,NULL,'zxy','供应商管理','添加','192.168.199.110','2017-12-01 14:53:37','52','执行成功！'),(888,NULL,'zxy','供应商管理','查询','192.168.199.110','2017-12-01 14:53:38','15','执行成功！'),(889,NULL,'zxy','供应商管理','查询','192.168.199.110','2017-12-01 14:53:43','18','执行成功！'),(890,NULL,'zxy','供应商管理','查询','192.168.199.110','2017-12-01 14:53:43','16','执行成功！'),(891,NULL,'zxy','客户管理','查询','192.168.199.110','2017-12-01 14:53:45','25','执行成功！'),(892,NULL,'zxy','客户管理','查询','192.168.199.110','2017-12-01 14:53:46','31','执行成功！'),(893,NULL,'zxy','供应商管理','查询','192.168.199.113','2017-12-01 14:53:46','19','执行成功！'),(894,NULL,'zxy','供应商管理','查询','192.168.199.110','2017-12-01 14:53:54','19','执行成功！'),(895,NULL,'zxy','供应商管理','查询','192.168.199.110','2017-12-01 14:53:57','9','执行成功！'),(896,NULL,'zxy','客户管理','查询','192.168.199.112','2017-12-01 14:54:03','23','执行成功！'),(897,NULL,'zxy','供应商管理','查询','192.168.199.110','2017-12-01 14:54:08','48','执行成功！'),(898,NULL,'zxy','客户管理','查询','192.168.199.112','2017-12-01 14:54:16','7','执行成功！'),(899,6,'zxy','供应商管理','修改','192.168.199.110','2017-12-01 14:54:17','42','执行成功！'),(900,NULL,'zxy','供应商管理','查询','192.168.199.110','2017-12-01 14:54:18','16','执行成功！'),(901,NULL,'zxy','供应商管理','查询','192.168.199.110','2017-12-01 14:54:19','4','执行成功！'),(902,NULL,'zxy','客户管理','查询','192.168.199.112','2017-12-01 14:54:42','3','执行成功！'),(903,43,'zxy','客户管理','修改','192.168.199.112','2017-12-01 14:54:56','43','执行成功！'),(904,NULL,'zxy','客户管理','查询','192.168.199.112','2017-12-01 14:54:57','15','执行成功！'),(905,NULL,'zxy','客户管理','查询','192.168.199.112','2017-12-01 14:54:59','30','执行成功！'),(906,NULL,'zxy','供应商管理','查询','192.168.199.110','2017-12-01 14:55:00','10','执行成功！'),(907,NULL,'zxy','供应商管理','查询','192.168.199.110','2017-12-01 14:55:03','9','执行成功！'),(908,NULL,'zxy','供应商管理','查询','192.168.199.110','2017-12-01 14:55:06','4','执行成功！'),(909,NULL,'zxy','供应商管理','查询','192.168.199.110','2017-12-01 14:55:09','3','执行成功！'),(910,35,'zxy','供应商管理','修改','192.168.199.110','2017-12-01 14:55:18','57','执行成功！'),(911,NULL,'zxy','供应商管理','查询','192.168.199.110','2017-12-01 14:55:19','23','执行成功！'),(912,NULL,'zxy','供应商管理','查询','192.168.199.110','2017-12-01 14:55:20','9','执行成功！'),(913,NULL,'zxy','客户管理','查询','192.168.199.112','2017-12-01 14:55:24','16','执行成功！'),(914,NULL,'zxy','供应商管理','查询','192.168.199.110','2017-12-01 14:55:24','3','执行成功！'),(915,NULL,'zxy','供应商管理','查询','192.168.199.110','2017-12-01 14:55:29','4','执行成功！'),(916,31,'zxy','客户管理','修改','192.168.199.112','2017-12-01 14:55:35','69','执行成功！'),(917,NULL,'zxy','客户管理','查询','192.168.199.112','2017-12-01 14:55:37','15','执行成功！'),(918,46,'zxy','供应商管理','修改','192.168.199.110','2017-12-01 14:55:42','66','执行成功！'),(919,NULL,'zxy','供应商管理','查询','192.168.199.110','2017-12-01 14:55:44','18','执行成功！'),(920,NULL,'zxy','供应商管理','查询','192.168.199.110','2017-12-01 14:55:46','8','执行成功！'),(921,47,'zxy','供应商管理','修改','192.168.199.110','2017-12-01 14:55:57','48','执行成功！'),(922,NULL,'zxy','供应商管理','查询','192.168.199.110','2017-12-01 14:55:58','16','执行成功！'),(923,NULL,'zxy','客户管理','查询','192.168.199.112','2017-12-01 14:56:01','47','执行成功！'),(924,NULL,'zxy','供应商管理','查询','192.168.199.110','2017-12-01 14:56:04','4','执行成功！'),(925,NULL,'zxy','供应商管理','查询','192.168.199.110','2017-12-01 14:56:06','3','执行成功！'),(926,48,'zxy','供应商管理','修改','192.168.199.110','2017-12-01 14:56:15','53','执行成功！'),(927,NULL,'zxy','供应商管理','查询','192.168.199.110','2017-12-01 14:56:16','18','执行成功！'),(928,50,'zxy','供应商管理','修改','192.168.199.110','2017-12-01 14:56:23','59','执行成功！'),(929,NULL,'zxy','供应商管理','查询','192.168.199.110','2017-12-01 14:56:24','16','执行成功！'),(930,NULL,'zxy','供应商管理','查询','192.168.199.110','2017-12-01 14:56:27','9','执行成功！'),(931,NULL,'zxy','客户管理','查询','192.168.199.110','2017-12-01 14:56:31','22','执行成功！'),(932,NULL,'zxy','客户管理','查询','192.168.199.110','2017-12-01 14:56:35','18','执行成功！'),(933,NULL,'zxy','客户管理','查询','192.168.199.110','2017-12-01 14:56:39','15','执行成功！'),(934,NULL,'zxy','客户管理','查询','192.168.199.110','2017-12-01 14:56:44','3','执行成功！'),(935,NULL,'zxy','供应商管理','查询','192.168.199.110','2017-12-01 14:58:14','19','执行成功！'),(936,NULL,'zxy','客户管理','查询','192.168.199.110','2017-12-01 14:58:15','17','执行成功！'),(937,NULL,'zxy','客户管理','查询','192.168.199.110','2017-12-01 14:58:19','44','执行成功！'),(938,NULL,'zxy','客户管理','查询','192.168.199.112','2017-12-01 14:58:34','37','执行成功！'),(939,32,'zxy','客户管理','修改','192.168.199.112','2017-12-01 14:58:47','55','执行成功！'),(940,NULL,'zxy','客户管理','查询','192.168.199.112','2017-12-01 14:58:49','16','执行成功！'),(941,NULL,'zxy','客户管理','查询','192.168.199.112','2017-12-01 14:58:51','3','执行成功！'),(942,NULL,'zxy','供应商管理','查询','192.168.199.110','2017-12-01 14:59:10','49','执行成功！'),(943,NULL,'zxy','供应商管理','查询','192.168.199.110','2017-12-01 14:59:25','3','执行成功！'),(944,NULL,'zxy','客户管理','查询','192.168.199.112','2017-12-01 14:59:28','9','执行成功！'),(945,NULL,'qaz','用户管理','登陆','192.168.199.109','2017-12-01 17:28:45','201','执行成功！'),(946,NULL,'qaz','客户管理','查询','192.168.199.109','2017-12-01 17:28:46','196','执行成功！'),(947,28,'qaz','客户管理','查询','192.168.199.109','2017-12-01 17:28:52','10','执行成功！'),(948,NULL,'qaz','客户管理','查询','192.168.199.109','2017-12-01 17:28:57','105','执行成功！'),(949,28,'qaz','客户管理','查询','192.168.199.109','2017-12-01 17:28:59','8','执行成功！'),(950,NULL,'qaz','客户管理','查询','192.168.199.109','2017-12-01 17:29:03','62','执行成功！'),(951,29,'qaz','客户管理','查询','192.168.199.109','2017-12-01 17:29:05','8','执行成功！'),(952,NULL,'qaz','客户管理','查询','192.168.199.109','2017-12-01 17:29:08','42','执行成功！'),(953,29,'qaz','客户管理','修改','192.168.199.109','2017-12-01 17:29:21','54','执行成功！'),(954,NULL,'qaz','客户管理','查询','192.168.199.109','2017-12-01 17:29:23','58','执行成功！'),(955,29,'qaz','客户管理','查询','192.168.199.109','2017-12-01 17:29:24','6','执行成功！'),(956,NULL,'qaz','客户管理','查询','192.168.199.109','2017-12-01 17:29:31','50','执行成功！'),(957,NULL,'qaz','客户管理','查询','192.168.199.109','2017-12-01 17:29:33','37','执行成功！'),(958,NULL,'qaz','供应商管理','查询','192.168.199.109','2017-12-01 17:29:45','46','执行成功！'),(959,NULL,'qaz','供应商管理','查询','192.168.199.109','2017-12-01 17:29:48','8','执行成功！'),(960,NULL,'qaz','供应商管理','查询','192.168.199.109','2017-12-01 17:29:53','34','执行成功！'),(961,NULL,'qaz','供应商管理','查询','192.168.199.109','2017-12-01 17:29:54','37','执行成功！'),(962,NULL,'qaz','供应商管理','查询','192.168.199.109','2017-12-01 17:29:59','34','执行成功！'),(963,8,'qaz','供应商管理','修改','192.168.199.109','2017-12-01 17:30:08','61','执行成功！'),(964,NULL,'qaz','供应商管理','查询','192.168.199.109','2017-12-01 17:30:10','35','执行成功！'),(965,NULL,'qaz','供应商管理','查询','192.168.199.109','2017-12-01 17:30:12','6','执行成功！'),(966,NULL,'qaz','供应商管理','查询','192.168.199.109','2017-12-01 17:30:20','36','执行成功！'),(967,NULL,'qaz','供应商管理','查询','192.168.199.109','2017-12-01 17:30:22','35','执行成功！'),(968,NULL,'qaz','供应商管理','查询','192.168.199.109','2017-12-01 17:30:23','6','执行成功！'),(969,NULL,'qaz','客户管理','查询','192.168.199.109','2017-12-01 17:30:26','33','执行成功！'),(970,NULL,'qaz','供应商管理','查询','192.168.199.109','2017-12-01 17:30:28','41','执行成功！'),(971,NULL,'qaz','供应商管理','查询','192.168.199.109','2017-12-01 17:30:31','5','执行成功！'),(972,NULL,'qaz','客户管理','查询','192.168.199.109','2017-12-01 17:30:40','32','执行成功！'),(973,NULL,'qaz','客户管理','查询','192.168.199.109','2017-12-01 17:30:42','32','执行成功！'),(974,28,'qaz','客户管理','查询','192.168.199.109','2017-12-01 17:30:44','5','执行成功！'),(975,NULL,'qaz','客户管理','查询','192.168.199.109','2017-12-01 17:30:47','36','执行成功！'),(976,NULL,'qaz','客户管理','查询','192.168.199.109','2017-12-01 17:30:48','32','执行成功！'),(977,28,'qaz','客户管理','查询','192.168.199.109','2017-12-01 17:30:49','9','执行成功！'),(978,NULL,'qaz','供应商管理','查询','192.168.199.109','2017-12-01 17:30:53','31','执行成功！'),(979,NULL,'qaz','供应商管理','查询','192.168.199.109','2017-12-01 17:30:55','9','执行成功！'),(980,NULL,'qaz','供应商管理','查询','192.168.199.109','2017-12-01 17:31:02','37','执行成功！'),(981,NULL,'qaz','供应商管理','查询','192.168.199.109','2017-12-01 17:31:03','30','执行成功！'),(982,NULL,'qaz','供应商管理','查询','192.168.199.109','2017-12-01 17:31:04','7','执行成功！'),(983,NULL,'qaz','供应商管理','查询','192.168.199.109','2017-12-01 17:31:07','28','执行成功！'),(984,NULL,'qaz','供应商管理','查询','192.168.199.109','2017-12-01 17:31:13','28','执行成功！'),(985,NULL,'qaz','供应商管理','查询','192.168.199.109','2017-12-01 17:31:17','31','执行成功！'),(986,NULL,'qaz','供应商管理','查询','192.168.199.109','2017-12-01 17:31:19','8','执行成功！'),(987,NULL,'qaz','供应商管理','查询','192.168.199.109','2017-12-01 17:31:28','28','执行成功！'),(988,NULL,'qaz','供应商管理','查询','192.168.199.109','2017-12-01 17:31:32','30','执行成功！'),(989,NULL,'qaz','供应商管理','查询','192.168.199.109','2017-12-01 17:31:34','27','执行成功！'),(990,NULL,'qaz','供应商管理','查询','192.168.199.109','2017-12-01 17:31:36','6','执行成功！'),(991,NULL,'qaz','供应商管理','查询','192.168.199.109','2017-12-01 17:31:40','28','执行成功！'),(992,NULL,'qaz','供应商管理','查询','192.168.199.109','2017-12-01 17:31:41','27','执行成功！'),(993,NULL,'qaz','供应商管理','查询','192.168.199.109','2017-12-01 17:31:51','28','执行成功！'),(994,NULL,'qaz','供应商管理','查询','192.168.199.109','2017-12-01 17:31:52','6','执行成功！'),(995,NULL,'qaz','供应商管理','查询','192.168.199.109','2017-12-01 17:32:28','26','执行成功！'),(996,NULL,'qaz','供应商管理','查询','192.168.199.109','2017-12-01 17:32:34','28','执行成功！'),(997,NULL,'qaz','供应商管理','查询','192.168.199.109','2017-12-01 17:32:35','6','执行成功！'),(998,NULL,'qaz','供应商管理','查询','192.168.199.109','2017-12-01 17:33:02','27','执行成功！'),(999,NULL,'qaz','供应商管理','查询','192.168.199.109','2017-12-01 17:33:04','26','执行成功！'),(1000,NULL,'qaz','供应商管理','查询','192.168.199.109','2017-12-01 17:33:06','9','执行成功！'),(1001,NULL,'qaz','供应商管理','查询','192.168.199.109','2017-12-01 17:33:11','6','执行成功！'),(1002,NULL,'qaz','供应商管理','查询','192.168.199.109','2017-12-01 17:33:21','28','执行成功！'),(1003,NULL,'qaz','供应商管理','查询','192.168.199.109','2017-12-01 17:33:22','29','执行成功！'),(1004,NULL,'qaz','客户管理','查询','192.168.199.109','2017-12-01 17:33:43','25','执行成功！'),(1005,29,'qaz','客户管理','查询','192.168.199.109','2017-12-01 17:33:45','6','执行成功！'),(1006,NULL,'qaz','客户管理','查询','192.168.199.109','2017-12-01 17:33:49','28','执行成功！'),(1007,29,'qaz','客户管理','查询','192.168.199.109','2017-12-01 17:33:51','6','执行成功！'),(1008,NULL,'qaz','供应商管理','查询','192.168.199.109','2017-12-01 17:34:05','30','执行成功！'),(1009,NULL,'qaz','供应商管理','查询','192.168.199.109','2017-12-01 17:34:08','8','执行成功！'),(1010,NULL,'qaz','供应商管理','查询','192.168.199.109','2017-12-01 17:34:14','7','执行成功！'),(1011,NULL,'qaz','供应商管理','查询','192.168.199.109','2017-12-01 17:34:25','9','执行成功！'),(1012,NULL,'qaz','供应商管理','查询','192.168.199.109','2017-12-01 17:34:26','6','执行成功！'),(1013,NULL,'qaz','供应商管理','查询','192.168.199.109','2017-12-01 17:34:27','8','执行成功！');
/*!40000 ALTER TABLE `log` ENABLE KEYS */;
UNLOCK TABLES;

--
-- Table structure for table `masteracct`
--

DROP TABLE IF EXISTS `masteracct`;
/*!40101 SET @saved_cs_client     = @@character_set_client */;
/*!40101 SET character_set_client = utf8 */;
CREATE TABLE `masteracct` (
  `maid` int(11) NOT NULL AUTO_INCREMENT,
  `maname` varchar(40) NOT NULL COMMENT '总账户名称',
  `maamt` decimal(10,0) NOT NULL COMMENT '总账户金额',
  `createtime` datetime NOT NULL,
  `comid` int(11) NOT NULL COMMENT '公司编号',
  PRIMARY KEY (`maid`)
) ENGINE=InnoDB DEFAULT CHARSET=utf8;
/*!40101 SET character_set_client = @saved_cs_client */;

--
-- Dumping data for table `masteracct`
--

LOCK TABLES `masteracct` WRITE;
/*!40000 ALTER TABLE `masteracct` DISABLE KEYS */;
/*!40000 ALTER TABLE `masteracct` ENABLE KEYS */;
UNLOCK TABLES;

--
-- Table structure for table `operate`
--

DROP TABLE IF EXISTS `operate`;
/*!40101 SET @saved_cs_client     = @@character_set_client */;
/*!40101 SET character_set_client = utf8 */;
CREATE TABLE `operate` (
  `oid` int(11) NOT NULL AUTO_INCREMENT,
  `oname` varchar(45) NOT NULL,
  `otime` datetime NOT NULL,
  `oresult` varchar(45) NOT NULL,
  `dealerid` int(11) NOT NULL,
  `cid` int(11) DEFAULT NULL,
  `pid` int(11) DEFAULT NULL,
  `iid` int(11) DEFAULT NULL,
  `aid` int(11) DEFAULT NULL,
  PRIMARY KEY (`oid`)
) ENGINE=InnoDB DEFAULT CHARSET=utf8;
/*!40101 SET character_set_client = @saved_cs_client */;

--
-- Dumping data for table `operate`
--

LOCK TABLES `operate` WRITE;
/*!40000 ALTER TABLE `operate` DISABLE KEYS */;
/*!40000 ALTER TABLE `operate` ENABLE KEYS */;
UNLOCK TABLES;

--
-- Table structure for table `pinterface`
--

DROP TABLE IF EXISTS `pinterface`;
/*!40101 SET @saved_cs_client     = @@character_set_client */;
/*!40101 SET character_set_client = utf8 */;
CREATE TABLE `pinterface` (
  `id` int(11) NOT NULL AUTO_INCREMENT,
  `pid` int(11) NOT NULL COMMENT '项目编号',
  `infid` int(11) NOT NULL COMMENT '接口编号',
  PRIMARY KEY (`id`)
) ENGINE=InnoDB DEFAULT CHARSET=utf8;
/*!40101 SET character_set_client = @saved_cs_client */;

--
-- Dumping data for table `pinterface`
--

LOCK TABLES `pinterface` WRITE;
/*!40000 ALTER TABLE `pinterface` DISABLE KEYS */;
/*!40000 ALTER TABLE `pinterface` ENABLE KEYS */;
UNLOCK TABLES;

--
-- Table structure for table `project`
--

DROP TABLE IF EXISTS `project`;
/*!40101 SET @saved_cs_client     = @@character_set_client */;
/*!40101 SET character_set_client = utf8 */;
CREATE TABLE `project` (
  `pid` int(11) NOT NULL AUTO_INCREMENT,
  `pname` varchar(45) NOT NULL,
  `auditstatid` int(11) NOT NULL,
  `psid` int(11) NOT NULL,
  `createtime` datetime NOT NULL,
  `modtime` datetime NOT NULL,
  `suppid` int(11) NOT NULL,
  `aid` int(11) NOT NULL,
  `apptime` datetime NOT NULL,
  `appreason` text NOT NULL,
  `apptype` int(11) NOT NULL,
  `cid` int(11) NOT NULL,
  `uid` int(11) NOT NULL,
  PRIMARY KEY (`pid`),
  UNIQUE KEY `pid_UNIQUE` (`pid`)
) ENGINE=InnoDB DEFAULT CHARSET=utf8;
/*!40101 SET character_set_client = @saved_cs_client */;

--
-- Dumping data for table `project`
--

LOCK TABLES `project` WRITE;
/*!40000 ALTER TABLE `project` DISABLE KEYS */;
/*!40000 ALTER TABLE `project` ENABLE KEYS */;
UNLOCK TABLES;

--
-- Table structure for table `user`
--

DROP TABLE IF EXISTS `user`;
/*!40101 SET @saved_cs_client     = @@character_set_client */;
/*!40101 SET character_set_client = utf8 */;
CREATE TABLE `user` (
  `uid` int(11) NOT NULL AUTO_INCREMENT,
  `createtime` datetime NOT NULL,
  `modtime` datetime NOT NULL,
  `uemail` varchar(30) NOT NULL,
  `uname` varchar(20) NOT NULL,
  `upwd` varchar(32) NOT NULL,
  `role` varchar(45) NOT NULL,
  PRIMARY KEY (`uid`),
  UNIQUE KEY `uid` (`uid`)
) ENGINE=InnoDB AUTO_INCREMENT=9 DEFAULT CHARSET=utf8;
/*!40101 SET character_set_client = @saved_cs_client */;

--
-- Dumping data for table `user`
--

LOCK TABLES `user` WRITE;
/*!40000 ALTER TABLE `user` DISABLE KEYS */;
INSERT INTO `user` VALUES (1,'2017-11-21 11:15:04','2017-12-04 16:59:34','ffffffff','zjl1','202cb962ac59075b964b07152d234b70','ffffffff'),(2,'2017-11-21 13:49:32','2017-11-21 13:49:32','','zjl2','202cb962ac59075b964b07152d234b70','3'),(3,'2017-11-21 13:55:45','2017-11-21 13:55:45','h','zjl3','202cb962ac59075b964b07152d234b70','2'),(4,'2017-11-21 14:01:40','2017-11-21 14:01:40','h','zjl4','202cb962ac59075b964b07152d234b70','4'),(5,'2017-11-21 14:02:14','2017-11-21 14:02:14','','zjl5','202cb962ac59075b964b07152d234b70','3'),(6,'2017-11-21 14:03:20','2017-11-21 14:03:20','null','zjl6','202cb962ac59075b964b07152d234b70','2'),(7,'2017-11-21 14:08:00','2017-11-21 14:08:00','o','zjl7','202cb962ac59075b964b07152d234b70','4'),(8,'2017-12-04 16:54:05','2017-12-04 16:54:05','gggggg','zjl8','202cb962ac59075b964b07152d234b70','4');
/*!40000 ALTER TABLE `user` ENABLE KEYS */;
UNLOCK TABLES;
/*!40103 SET TIME_ZONE=@OLD_TIME_ZONE */;

/*!40101 SET SQL_MODE=@OLD_SQL_MODE */;
/*!40014 SET FOREIGN_KEY_CHECKS=@OLD_FOREIGN_KEY_CHECKS */;
/*!40014 SET UNIQUE_CHECKS=@OLD_UNIQUE_CHECKS */;
/*!40101 SET CHARACTER_SET_CLIENT=@OLD_CHARACTER_SET_CLIENT */;
/*!40101 SET CHARACTER_SET_RESULTS=@OLD_CHARACTER_SET_RESULTS */;
/*!40101 SET COLLATION_CONNECTION=@OLD_COLLATION_CONNECTION */;
/*!40111 SET SQL_NOTES=@OLD_SQL_NOTES */;

-- Dump completed on 2017-12-05 10:56:05
